Workbook

Sheet Introduction

Sheet RAD Data
A1: Sol | B1: 24h averaged RAD Temp interpolated [K] | C1: Variation of 24h average Rad Temp [K] | D1: Minimum RAD Temp interpolated [K] | E1: Maximum RAD Temp interpolated [K] | F1: Average of Max/Min RAD Temp (C+D)/2 [K] | G1: Variation of Av of Max/Min | H1: F-B [K] | I1: H-$K$2 [K] | J1: Scaled variation of average of Max/Min
A2: 20 | B2: 222.41174 | C2: =B2-$K$4 -> 0.042706315 | D2: 183.957 | E2: 285.12 | F2: =(D2+E2)/2 -> 234.5385 | G2: =F2-$K$3 -> 1.6338201 | H2: =F2-B2 -> 12.126764 | I2: =(H2-$K$2) -> 1.5911138 | J2: =G2/($K$8-$K$3) -> 0.19910504 | K2: =AVERAGE(H2:H1227) -> 10.53565
A3: 21 | B3: 222.70496 | C3: =B3-$K$4 -> 0.33593517 | D3: 184.662 | E3: 284.907 | F3: =(D3+E3)/2 -> 234.7845 | G3: =F3-$K$3 -> 1.8798201 | H3: =F3-B3 -> 12.079535 | I3: =(H3-$K$2) -> 1.543885 | J3: =G3/($K$8-$K$3) -> 0.22908376 | K3: =AVERAGE(F2:F1227) -> 232.90468
A4: 22 | B4: 222.99819 | C4: =B4-$K$4 -> 0.62916403 | D4: 185.368 | E4: 284.694 | F4: =(D4+E4)/2 -> 235.031 | G4: =F4-$K$3 -> 2.1263201 | H4: =F4-B4 -> 12.032807 | I4: =(H4-$K$2) -> 1.4971561 | J4: =G4/($K$8-$K$3) -> 0.25912342 | K4: =AVERAGE(B2:B1227) -> 222.36903
A5: 23 | B5: 223.29142 | C5: =B5-$K$4 -> 0.92239289 | D5: 186.073 | E5: 284.78 | F5: =(D5+E5)/2 -> 235.4265 | G5: =F5-$K$3 -> 2.5218201 | H5: =F5-B5 -> 12.135078 | I5: =(H5-$K$2) -> 1.5994273 | J5: =G5/($K$8-$K$3) -> 0.30732091 | K5: Min Max
A6: 24 | B6: 223.58465 | C6: =B6-$K$4 -> 1.2156218 | D6: 186.778 | E6: 284.78 | F6: =(D6+E6)/2 -> 235.779 | G6: =F6-$K$3 -> 2.8743201 | H6: =F6-B6 -> 12.194349 | I6: =(H6-$K$2) -> 1.6586984 | J6: =G6/($K$8-$K$3) -> 0.35027823 | K6: =MIN(C2:C12227) -> -6.847205
A7: 25 | B7: 223.59576 | C7: =B7-$K$4 -> 1.2267341 | D7: 186.778 | E7: 284.78 | F7: =(D7+E7)/2 -> 235.779 | G7: =F7-$K$3 -> 2.8743201 | H7: =F7-B7 -> 12.183236 | I7: =(H7-$K$2) -> 1.6475861 | J7: =G7/($K$8-$K$3) -> 0.35027823 | K7: =MAX(C2:C1227) -> 7.04928
A8: 26 | B8: 223.64922 | C8: =B8-$K$4 -> 1.2801878 | D8: 186.72 | E8: 284.894 | F8: =(D8+E8)/2 -> 235.807 | G8: =F8-$K$3 -> 2.9023201 | H8: =F8-B8 -> 12.157783 | I8: =(H8-$K$2) -> 1.6221324 | J8: =G8/($K$8-$K$3) -> 0.35369044 | K8: =MAX(F2:F1227) -> 241.1105
A9: 27 | B9: 223.70267 | C9: =B9-$K$4 -> 1.3336415 | D9: 186.662 | E9: 285.008 | F9: =(D9+E9)/2 -> 235.835 | G9: =F9-$K$3 -> 2.9303201 | H9: =F9-B9 -> 12.132329 | I9: =(H9-$K$2) -> 1.5966787 | J9: =G9/($K$8-$K$3) -> 0.35710265
A10: 28 | B10: 223.64893 | C10: =B10-$K$4 -> 1.2798985 | D10: 186.775 | E10: 285.008 | F10: =(D10+E10)/2 -> 235.8915 | G10: =F10-$K$3 -> 2.9868201 | H10: =F10-B10 -> 12.242572 | I10: =(H10-$K$2) -> 1.7069217 | J10: =G10/($K$8-$K$3) -> 0.36398801 | K10: Max 13h
A11: 29 | B11: 223.60163 | C11: =B11-$K$4 -> 1.232601 | D11: 186.327 | E11: 285.008 | F11: =(D11+E11)/2 -> 235.6675 | G11: =F11-$K$3 -> 2.7628201 | H11: =F11-B11 -> 12.06587 | I11: =(H11-$K$2) -> 1.5302192 | J11: =G11/($K$8-$K$3) -> 0.33669031 | K11: =MAX(E663:E1227) -> 291.812
A12: 30 | B12: 223.9169 | C12: =B12-$K$4 -> 1.547875 | D12: 186.309 | E12: 285.595 | F12: =(D12+E12)/2 -> 235.952 | G12: =F12-$K$3 -> 3.0473201 | H12: =F12-B12 -> 12.035096 | I12: =(H12-$K$2) -> 1.4994452 | J12: =G12/($K$8-$K$3) -> 0.37136083 | K12: =MIN(E663:E1227) -> 266.728
A13: 31 | B13: 224.23218 | C13: =B13-$K$4 -> 1.863149 | D13: 185.886 | E13: 286.415 | F13: =(D13+E13)/2 -> 236.1505 | G13: =F13-$K$3 -> 3.2458201 | H13: =F13-B13 -> 11.918322 | I13: =(H13-$K$2) -> 1.3826712 | J13: =G13/($K$8-$K$3) -> 0.39555097 | K13: =K11-K12 -> 25.084
A14: 32 | B14: 223.91399 | C14: =B14-$K$4 -> 1.5449597 | D14: 186.635 | E14: 286.415 | F14: =(D14+E14)/2 -> 236.525 | G14: =F14-$K$3 -> 3.6203201 | H14: =F14-B14 -> 12.611011 | I14: =(H14-$K$2) -> 2.0753605 | J14: =G14/($K$8-$K$3) -> 0.44118931 | K14: Range
A15: 33 | B15: 224.09135 | C15: =B15-$K$4 -> 1.7223169 | D15: 186.573 | E15: 284.919 | F15: =(D15+E15)/2 -> 235.746 | G15: =F15-$K$3 -> 2.8413201 | H15: =F15-B15 -> 11.654654 | I15: =(H15-$K$2) -> 1.1190032 | J15: =G15/($K$8-$K$3) -> 0.34625669 | K15: =K7-K6 -> 13.896485
A16: 34 | B16: 223.99499 | C16: =B16-$K$4 -> 1.6259631 | D16: 186.529 | E16: 286.015 | F16: =(D16+E16)/2 -> 236.272 | G16: =F16-$K$3 -> 3.3673201 | H16: =F16-B16 -> 12.277007 | I16: =(H16-$K$2) -> 1.741357 | J16: =G16/($K$8-$K$3) -> 0.41035754 | K16: Period
A17: 35 | B17: 224.11977 | C17: =B17-$K$4 -> 1.7507396 | D17: 186.765 | E17: 285.634 | F17: =(D17+E17)/2 -> 236.1995 | G17: =F17-$K$3 -> 3.2948201 | H17: =F17-B17 -> 12.079731 | I17: =(H17-$K$2) -> 1.5440806 | J17: =G17/($K$8-$K$3) -> 0.40152234 | K17: =A1227-A2 -> 1225
A18: 36 | B18: 224.22037 | C18: =B18-$K$4 -> 1.8513451 | D18: 186.255 | E18: 285.911 | F18: =(D18+E18)/2 -> 236.083 | G18: =F18-$K$3 -> 3.1783201 | H18: =F18-B18 -> 11.862625 | I18: =(H18-$K$2) -> 1.3269751 | J18: =G18/($K$8-$K$3) -> 0.3873251
A19: 37 | B19: 224.07638 | C19: =B19-$K$4 -> 1.7073499 | D19: 187.3 | E19: 285.368 | F19: =(D19+E19)/2 -> 236.334 | G19: =F19-$K$3 -> 3.4293201 | H19: =F19-B19 -> 12.257621 | I19: =(H19-$K$2) -> 1.7219703 | J19: =G19/($K$8-$K$3) -> 0.41791315
A20: 38 | B20: 224.0109 | C20: =B20-$K$4 -> 1.6418731 | D20: 187.039 | E20: 284.825 | F20: =(D20+E20)/2 -> 235.932 | G20: =F20-$K$3 -> 3.0273201 | H20: =F20-B20 -> 11.921097 | I20: =(H20-$K$2) -> 1.3854471 | J20: =G20/($K$8-$K$3) -> 0.36892353
A21: 39 | B21: 224.19618 | C21: =B21-$K$4 -> 1.8271547 | D21: 187.414 | E21: 285.194 | F21: =(D21+E21)/2 -> 236.304 | G21: =F21-$K$3 -> 3.3993201 | H21: =F21-B21 -> 12.107816 | I21: =(H21-$K$2) -> 1.5721654 | J21: =G21/($K$8-$K$3) -> 0.41425721
A22: 40 | B22: 224.60137 | C22: =B22-$K$4 -> 2.2323405 | D22: 187.535 | E22: 285.564 | F22: =(D22+E22)/2 -> 236.5495 | G22: =F22-$K$3 -> 3.6448201 | H22: =F22-B22 -> 11.94813 | I22: =(H22-$K$2) -> 1.4124797 | J22: =G22/($K$8-$K$3) -> 0.444175
A23: 41 | B23: 224.68273 | C23: =B23-$K$4 -> 2.3136974 | D23: 187.655 | E23: 285.778 | F23: =(D23+E23)/2 -> 236.7165 | G23: =F23-$K$3 -> 3.8118201 | H23: =F23-B23 -> 12.033773 | I23: =(H23-$K$2) -> 1.4981228 | J23: =G23/($K$8-$K$3) -> 0.46452641
A24: 42 | B24: 224.58591 | C24: =B24-$K$4 -> 2.2168847 | D24: 187.833 | E24: 285.453 | F24: =(D24+E24)/2 -> 236.643 | G24: =F24-$K$3 -> 3.7383201 | H24: =F24-B24 -> 12.057086 | I24: =(H24-$K$2) -> 1.5214354 | J24: =G24/($K$8-$K$3) -> 0.45556935
A25: 43 | B25: 224.32552 | C25: =B25-$K$4 -> 1.9564888 | D25: 188.186 | E25: 284.462 | F25: =(D25+E25)/2 -> 236.324 | G25: =F25-$K$3 -> 3.4193201 | H25: =F25-B25 -> 11.998482 | I25: =(H25-$K$2) -> 1.4628313 | J25: =G25/($K$8-$K$3) -> 0.4166945
A26: 44 | B26: 224.16115 | C26: =B26-$K$4 -> 1.7921214 | D26: 189.247 | E26: 282.543 | F26: =(D26+E26)/2 -> 235.895 | G26: =F26-$K$3 -> 2.9903201 | H26: =F26-B26 -> 11.733849 | I26: =(H26-$K$2) -> 1.1981988 | J26: =G26/($K$8-$K$3) -> 0.36441454
A27: 45 | B27: 223.70685 | C27: =B27-$K$4 -> 1.3378255 | D27: 189.247 | E27: 282.036 | F27: =(D27+E27)/2 -> 235.6415 | G27: =F27-$K$3 -> 2.7368201 | H27: =F27-B27 -> 11.934645 | I27: =(H27-$K$2) -> 1.3989947 | J27: =G27/($K$8-$K$3) -> 0.33352183
A28: 46 | B28: 224.02339 | C28: =B28-$K$4 -> 1.6543604 | D28: 190.147 | E28: 281.529 | F28: =(D28+E28)/2 -> 235.838 | G28: =F28-$K$3 -> 2.9333201 | H28: =F28-B28 -> 11.81461 | I28: =(H28-$K$2) -> 1.2789597 | J28: =G28/($K$8-$K$3) -> 0.35746825
A29: 47 | B29: 223.79081 | C29: =B29-$K$4 -> 1.4217788 | D29: 190.147 | E29: 281.954 | F29: =(D29+E29)/2 -> 236.0505 | G29: =F29-$K$3 -> 3.1458201 | H29: =F29-B29 -> 12.259692 | I29: =(H29-$K$2) -> 1.7240414 | J29: =G29/($K$8-$K$3) -> 0.3833645
... A96: 114 | B96: 224.09418 | C96: =B96-$K$4 -> 1.7251547 | D96: 188.49 | E96: 280.826 | F96: =(D96+E96)/2 -> 234.658 | G96: =F96-$K$3 -> 1.7533201 | H96: =F96-B96 -> 10.563816 | I96: =(H96-$K$2) -> 0.028165478 | J96: =G96/($K$8-$K$3) -> 0.21366787
A97: 115 | B97: 224.05675 | C97: =B97-$K$4 -> 1.6877163 | D97: 188.618 | E97: 281.752 | F97: =(D97+E97)/2 -> 235.185 | G97: =F97-$K$3 -> 2.2803201 | H97: =F97-B97 -> 11.128254 | I97: =(H97-$K$2) -> 0.59260389 | J97: =G97/($K$8-$K$3) -> 0.27789058 | K97: 10
A98: 116 | B98: 224.05115 | C98: =B98-$K$4 -> 1.6821157 | D98: 188.261 | E98: 281.146 | F98: =(D98+E98)/2 -> 234.7035 | G98: =F98-$K$3 -> 1.7988201 | H98: =F98-B98 -> 10.652355 | I98: =(H98-$K$2) -> 0.1167045 | J98: =G98/($K$8-$K$3) -> 0.21921272
A99: 117 | B99: 224.02407 | C99: =B99-$K$4 -> 1.6550374 | D99: 188.296 | E99: 280.88 | F99: =(D99+E99)/2 -> 234.588 | G99: =F99-$K$3 -> 1.6833201 | H99: =F99-B99 -> 10.563933 | I99: =(H99-$K$2) -> 0.028282721 | J99: =G99/($K$8-$K$3) -> 0.20513734
A100: 118 | B100: 224.17082 | C100: =B100-$K$4 -> 1.8017923 | D100: 188.764 | E100: 281.336 | F100: =(D100+E100)/2 -> 235.05 | G100: =F100-$K$3 -> 2.1453201 | H100: =F100-B100 -> 10.879178 | I100: =(H100-$K$2) -> 0.34352783 | J100: =G100/($K$8-$K$3) -> 0.26143885
A101: 119 | B101: 224.20222 | C101: =B101-$K$4 -> 1.833194 | D101: 188.392 | E101: 281.788 | F101: =(D101+E101)/2 -> 235.09 | G101: =F101-$K$3 -> 2.1853201 | H101: =F101-B101 -> 10.887777 | I101: =(H101-$K$2) -> 0.35212615 | J101: =G101/($K$8-$K$3) -> 0.26631343
A102: 120 | B102: 224.10934 | C102: =B102-$K$4 -> 1.7403148 | D102: 188.205 | E102: 281.051 | F102: =(D102+E102)/2 -> 234.628 | G102: =F102-$K$3 -> 1.7233201 | H102: =F102-B102 -> 10.518656 | I102: =(H102-$K$2) -> -0.016994684 | J102: =G102/($K$8-$K$3) -> 0.21001193
A103: 121 | B103: 223.98497 | C103: =B103-$K$4 -> 1.6159418 | D103: 188.238 | E103: 281.197 | F103: =(D103+E103)/2 -> 234.7175 | G103: =F103-$K$3 -> 1.8128201 | H103: =F103-B103 -> 10.732529 | I103: =(H103-$K$2) -> 0.19687838 | J103: =G103/($K$8-$K$3) -> 0.22091883
A104: 122 | B104: 224.04186 | C104: =B104-$K$4 -> 1.6728263 | D104: 188.203 | E104: 280.985 | F104: =(D104+E104)/2 -> 234.594 | G104: =F104-$K$3 -> 1.6893201 | H104: =F104-B104 -> 10.552144 | I104: =(H104-$K$2) -> 0.016493815 | J104: =G104/($K$8-$K$3) -> 0.20586853
A105: 123 | B105: 224.00636 | C105: =B105-$K$4 -> 1.6373307 | D105: 188.203 | E105: 280.772 | F105: =(D105+E105)/2 -> 234.4875 | G105: =F105-$K$3 -> 1.5828201 | H105: =F105-B105 -> 10.48114 | I105: =(H105-$K$2) -> -0.054510516 | J105: =G105/($K$8-$K$3) -> 0.19288994
A106: 124 | B106: 223.97086 | C106: =B106-$K$4 -> 1.601835 | D106: 188.321 | E106: 280.56 | F106: =(D106+E106)/2 -> 234.4405 | G106: =F106-$K$3 -> 1.5358201 | H106: =F106-B106 -> 10.469636 | I106: =(H106-$K$2) -> -0.066014847 | J106: =G106/($K$8-$K$3) -> 0.1871623
A107: 125 | B107: 223.93537 | C107: =B107-$K$4 -> 1.5663393 | D107: 188.439 | E107: 280.347 | F107: =(D107+E107)/2 -> 234.393 | G107: =F107-$K$3 -> 1.4883201 | H107: =F107-B107 -> 10.457631 | I107: =(H107-$K$2) -> -0.078019178 | J107: =G107/($K$8-$K$3) -> 0.18137372
A108: 126 | B108: 223.89987 | C108: =B108-$K$4 -> 1.5308437 | D108: 188.558 | E108: 280.347 | F108: =(D108+E108)/2 -> 234.4525 | G108: =F108-$K$3 -> 1.5478201 | H108: =F108-B108 -> 10.552627 | I108: =(H108-$K$2) -> 0.016976492 | J108: =G108/($K$8-$K$3) -> 0.18862467
A109: 127 | B109: 223.87328 | C109: =B109-$K$4 -> 1.5042474 | D109: 188.558 | E109: 280.518 | F109: =(D109+E109)/2 -> 234.538 | G109: =F109-$K$3 -> 1.6333201 | H109: =F109-B109 -> 10.664723 | I109: =(H109-$K$2) -> 0.12907274 | J109: =G109/($K$8-$K$3) -> 0.19904411
... A242: 260 | B242: 217.31265 | C242: =B242-$K$4 -> -5.056378 | D242: 184.174 | E242: 267.91 | F242: =(D242+E242)/2 -> 226.042 | G242: =F242-$K$3 -> -6.8626799 | H242: =F242-B242 -> 8.7293485 | I242: =(H242-$K$2) -> -1.8063018 | J242: =G242/($K$8-$K$3) -> -0.83631858
A243: 261 | B243: 217.23917 | C243: =B243-$K$4 -> -5.1298549 | D243: 184.39 | E243: 267.91 | F243: =(D243+E243)/2 -> 226.15 | G243: =F243-$K$3 -> -6.7546799 | H243: =F243-B243 -> 8.9108255 | I243: =(H243-$K$2) -> -1.6248249 | J243: =G243/($K$8-$K$3) -> -0.82315719 | K243: 1. Minimum
A244: 262 | B244: 217.24572 | C244: =B244-$K$4 -> -5.1233087 | D244: 184.39 | E244: 267.917 | F244: =(D244+E244)/2 -> 226.1535 | G244: =F244-$K$3 -> -6.7511799 | H244: =F244-B244 -> 8.9077793 | I244: =(H244-$K$2) -> -1.6278711 | J244: =G244/($K$8-$K$3) -> -0.82273066
A245: 263 | B245: 217.25227 | C245: =B245-$K$4 -> -5.1167625 | D245: 184.392 | E245: 267.923 | F245: =(D245+E245)/2 -> 226.1575 | G245: =F245-$K$3 -> -6.7471799 | H245: =F245-B245 -> 8.905233 | I245: =(H245-$K$2) -> -1.6304173 | J245: =G245/($K$8-$K$3) -> -0.8222432
A246: 264 | B246: 217.25881 | C246: =B246-$K$4 -> -5.1102163 | D246: 184.395 | E246: 267.93 | F246: =(D246+E246)/2 -> 226.1625 | G246: =F246-$K$3 -> -6.7421799 | H246: =F246-B246 -> 8.9036868 | I246: =(H246-$K$2) -> -1.6319635 | J246: =G246/($K$8-$K$3) -> -0.82163388
A247: 265 | B247: 217.26536 | C247: =B247-$K$4 -> -5.1036701 | D247: 184.398 | E247: 267.937 | F247: =(D247+E247)/2 -> 226.1675 | G247: =F247-$K$3 -> -6.7371799 | H247: =F247-B247 -> 8.9021406 | I247: =(H247-$K$2) -> -1.6335097 | J247: =G247/($K$8-$K$3) -> -0.82102456
A248: 266 | B248: 217.27191 | C248: =B248-$K$4 -> -5.0971239 | D248: 184.401 | E248: 267.943 | F248: =(D248+E248)/2 -> 226.172 | G248: =F248-$K$3 -> -6.7326799 | H248: =F248-B248 -> 8.9000944 | I248: =(H248-$K$2) -> -1.635556 | J248: =G248/($K$8-$K$3) -> -0.82047617
A249: 267 | B249: 217.27845 | C249: =B249-$K$4 -> -5.0905777 | D249: 184.403 | E249: 267.95 | F249: =(D249+E249)/2 -> 226.1765 | G249: =F249-$K$3 -> -6.7281799 | H249: =F249-B249 -> 8.8980482 | I249: =(H249-$K$2) -> -1.6376022 | J249: =G249/($K$8-$K$3) -> -0.81992777
A250: 268 | B250: 217.285 | C250: =B250-$K$4 -> -5.0840315 | D250: 184.406 | E250: 267.957 | F250: =(D250+E250)/2 -> 226.1815 | G250: =F250-$K$3 -> -6.7231799 | H250: =F250-B250 -> 8.896502 | I250: =(H250-$K$2) -> -1.6391484 | J250: =G250/($K$8-$K$3) -> -0.81931845
A251: 269 | B251: 217.29154 | C251: =B251-$K$4 -> -5.0774853 | D251: 184.409 | E251: 267.963 | F251: =(D251+E251)/2 -> 226.186 | G251: =F251-$K$3 -> -6.7186799 | H251: =F251-B251 -> 8.8944558 | I251: =(H251-$K$2) -> -1.6411946 | J251: =G251/($K$8-$K$3) -> -0.81877006
A252: 270 | B252: 217.29809 | C252: =B252-$K$4 -> -5.0709391 | D252: 184.411 | E252: 267.97 | F252: =(D252+E252)/2 -> 226.1905 | G252: =F252-$K$3 -> -6.7141799 | H252: =F252-B252 -> 8.8924096 | I252: =(H252-$K$2) -> -1.6432408 | J252: =G252/($K$8-$K$3) -> -0.81822167
A253: 271 | B253: 217.30464 | C253: =B253-$K$4 -> -5.0643929 | D253: 184.414 | E253: 267.977 | F253: =(D253+E253)/2 -> 226.1955 | G253: =F253-$K$3 -> -6.7091799 | H253: =F253-B253 -> 8.8908634 | I253: =(H253-$K$2) -> -1.644787 | J253: =G253/($K$8-$K$3) -> -0.81761235
A254: 272 | B254: 217.31118 | C254: =B254-$K$4 -> -5.0578467 | D254: 184.417 | E254: 267.983 | F254: =(D254+E254)/2 -> 226.2 | G254: =F254-$K$3 -> -6.7046799 | H254: =F254-B254 -> 8.8888172 | I254: =(H254-$K$2) -> -1.6468332 | J254: =G254/($K$8-$K$3) -> -0.81706395
A255: 273 | B255: 217.31773 | C255: =B255-$K$4 -> -5.0513005 | D255: 184.42 | E255: 267.99 | F255: =(D255+E255)/2 -> 226.205 | G255: =F255-$K$3 -> -6.6996799 | H255: =F255-B255 -> 8.887271 | I255: =(H255-$K$2) -> -1.6483794 | J255: =G255/($K$8-$K$3) -> -0.81645463
... A508: 526 | B508: 228.827 | C508: =B508-$K$4 -> 6.4579746 | D508: 187.819 | E508: 293.723 | F508: =(D508+E508)/2 -> 240.771 | G508: =F508-$K$3 -> 7.8663201 | H508: =F508-B508 -> 11.943996 | I508: =(H508-$K$2) -> 1.4083456 | J508: =G508/($K$8-$K$3) -> 0.95862693
A509: 527 | B509: 228.86465 | C509: =B509-$K$4 -> 6.49562 | D509: 187.819 | E509: 293.723 | F509: =(D509+E509)/2 -> 240.771 | G509: =F509-$K$3 -> 7.8663201 | H509: =F509-B509 -> 11.906351 | I509: =(H509-$K$2) -> 1.3707002 | J509: =G509/($K$8-$K$3) -> 0.95862693 | K509: 1. Maximum
A510: 528 | B510: 228.80523 | C510: =B510-$K$4 -> 6.4361984 | D510: 187.916 | E510: 293.531 | F510: =(D510+E510)/2 -> 240.7235 | G510: =F510-$K$3 -> 7.8188201 | H510: =F510-B510 -> 11.918272 | I510: =(H510-$K$2) -> 1.3826217 | J510: =G510/($K$8-$K$3) -> 0.95283835
A511: 529 | B511: 228.74581 | C511: =B511-$K$4 -> 6.3767769 | D511: 188.013 | E511: 293.339 | F511: =(D511+E511)/2 -> 240.676 | G511: =F511-$K$3 -> 7.7713201 | H511: =F511-B511 -> 11.930194 | I511: =(H511-$K$2) -> 1.3945433 | J511: =G511/($K$8-$K$3) -> 0.94704978
A512: 530 | B512: 228.68638 | C512: =B512-$K$4 -> 6.3173553 | D512: 188.11 | E512: 293.146 | F512: =(D512+E512)/2 -> 240.628 | G512: =F512-$K$3 -> 7.7233201 | H512: =F512-B512 -> 11.941615 | I512: =(H512-$K$2) -> 1.4059648 | J512: =G512/($K$8-$K$3) -> 0.94120027
A513: 531 | B513: 228.62696 | C513: =B513-$K$4 -> 6.2579338 | D513: 188.207 | E513: 292.954 | F513: =(D513+E513)/2 -> 240.5805 | G513: =F513-$K$3 -> 7.6758201 | H513: =F513-B513 -> 11.953537 | I513: =(H513-$K$2) -> 1.4178864 | J513: =G513/($K$8-$K$3) -> 0.9354117
A514: 532 | B514: 228.56754 | C514: =B514-$K$4 -> 6.1985122 | D514: 188.305 | E514: 292.762 | F514: =(D514+E514)/2 -> 240.5335 | G514: =F514-$K$3 -> 7.6288201 | H514: =F514-B514 -> 11.965958 | I514: =(H514-$K$2) -> 1.4303079 | J514: =G514/($K$8-$K$3) -> 0.92968405
A515: 533 | B515: 228.50812 | C515: =B515-$K$4 -> 6.1390907 | D515: 188.402 | E515: 292.569 | F515: =(D515+E515)/2 -> 240.4855 | G515: =F515-$K$3 -> 7.5808201 | H515: =F515-B515 -> 11.97738 | I515: =(H515-$K$2) -> 1.4417295 | J515: =G515/($K$8-$K$3) -> 0.92383455
A516: 534 | B516: 228.4487 | C516: =B516-$K$4 -> 6.0796691 | D516: 188.499 | E516: 292.377 | F516: =(D516+E516)/2 -> 240.438 | G516: =F516-$K$3 -> 7.5333201 | H516: =F516-B516 -> 11.989301 | I516: =(H516-$K$2) -> 1.453651 | J516: =G516/($K$8-$K$3) -> 0.91804597
A517: 535 | B517: 228.38928 | C517: =B517-$K$4 -> 6.0202476 | D517: 188.596 | E517: 292.185 | F517: =(D517+E517)/2 -> 240.3905 | G517: =F517-$K$3 -> 7.4858201 | H517: =F517-B517 -> 12.001223 | I517: =(H517-$K$2) -> 1.4655726 | J517: =G517/($K$8-$K$3) -> 0.9122574
A518: 536 | B518: 228.32986 | C518: =B518-$K$4 -> 5.960826 | D518: 188.693 | E518: 291.992 | F518: =(D518+E518)/2 -> 240.3425 | G518: =F518-$K$3 -> 7.4378201 | H518: =F518-B518 -> 12.012645 | I518: =(H518-$K$2) -> 1.4769941 | J518: =G518/($K$8-$K$3) -> 0.90640789
A519: 537 | B519: 228.27043 | C519: =B519-$K$4 -> 5.9014045 | D519: 188.79 | E519: 291.992 | F519: =(D519+E519)/2 -> 240.391 | G519: =F519-$K$3 -> 7.4863201 | H519: =F519-B519 -> 12.120566 | I519: =(H519-$K$2) -> 1.5849157 | J519: =G519/($K$8-$K$3) -> 0.91231833
A520: 538 | B520: 227.9761 | C520: =B520-$K$4 -> 5.6070699 | D520: 188.79 | E520: 291.667 | F520: =(D520+E520)/2 -> 240.2285 | G520: =F520-$K$3 -> 7.3238201 | H520: =F520-B520 -> 12.252401 | I520: =(H520-$K$2) -> 1.7167502 | J520: =G520/($K$8-$K$3) -> 0.89251531
A521: 539 | B521: 227.95889 | C521: =B521-$K$4 -> 5.5898627 | D521: 187.918 | E521: 291.447 | F521: =(D521+E521)/2 -> 239.6825 | G521: =F521-$K$3 -> 6.7778201 | H521: =F521-B521 -> 11.723608 | I521: =(H521-$K$2) -> 1.1879575 | J521: =G521/($K$8-$K$3) -> 0.82597718
... A979: 997 | B979: 216.93392 | C979: =B979-$K$4 -> -5.4351047 | D979: 184.383 | E979: 267.423 | F979: =(D979+E979)/2 -> 225.903 | G979: =F979-$K$3 -> -7.0016799 | H979: =F979-B979 -> 8.9690752 | I979: =(H979-$K$2) -> -1.5665751 | J979: =G979/($K$8-$K$3) -> -0.85325778
A980: 998 | B980: 216.92689 | C980: =B980-$K$4 -> -5.4421442 | D980: 184.346 | E980: 267.421 | F980: =(D980+E980)/2 -> 225.8835 | G980: =F980-$K$3 -> -7.0211799 | H980: =F980-B980 -> 8.9566148 | I980: =(H980-$K$2) -> -1.5790356 | J980: =G980/($K$8-$K$3) -> -0.85563414 | K980: 2. Minimum
A981: 999 | B981: 216.91969 | C981: =B981-$K$4 -> -5.4493376 | D981: 184.382 | E981: 267.55 | F981: =(D981+E981)/2 -> 225.966 | G981: =F981-$K$3 -> -6.9386799 | H981: =F981-B981 -> 9.0463082 | I981: =(H981-$K$2) -> -1.4893422 | J981: =G981/($K$8-$K$3) -> -0.8455803
A982: 1000 | B982: 216.99404 | C982: =B982-$K$4 -> -5.3749847 | D982: 184.417 | E982: 267.678 | F982: =(D982+E982)/2 -> 226.0475 | G982: =F982-$K$3 -> -6.8571799 | H982: =F982-B982 -> 9.0534553 | I982: =(H982-$K$2) -> -1.4821951 | J982: =G982/($K$8-$K$3) -> -0.83564832
A983: 1001 | B983: 217.0684 | C983: =B983-$K$4 -> -5.3006319 | D983: 184.452 | E983: 267.806 | F983: =(D983+E983)/2 -> 226.129 | G983: =F983-$K$3 -> -6.7756799 | H983: =F983-B983 -> 9.0606024 | I983: =(H983-$K$2) -> -1.475048 | J983: =G983/($K$8-$K$3) -> -0.82571635
A984: 1002 | B984: 217.14275 | C984: =B984-$K$4 -> -5.226279 | D984: 184.488 | E984: 267.935 | F984: =(D984+E984)/2 -> 226.2115 | G984: =F984-$K$3 -> -6.6931799 | H984: =F984-B984 -> 9.0687495 | I984: =(H984-$K$2) -> -1.4669009 | J984: =G984/($K$8-$K$3) -> -0.81566251
A985: 1003 | B985: 217.2171 | C985: =B985-$K$4 -> -5.1519261 | D985: 184.523 | E985: 268.063 | F985: =(D985+E985)/2 -> 226.293 | G985: =F985-$K$3 -> -6.6116799 | H985: =F985-B985 -> 9.0758966 | I985: =(H985-$K$2) -> -1.4597537 | J985: =G985/($K$8-$K$3) -> -0.80573053
A986: 1004 | B986: 217.29146 | C986: =B986-$K$4 -> -5.0775732 | D986: 184.558 | E986: 268.192 | F986: =(D986+E986)/2 -> 226.375 | G986: =F986-$K$3 -> -6.5296799 | H986: =F986-B986 -> 9.0835438 | I986: =(H986-$K$2) -> -1.4521066 | J986: =G986/($K$8-$K$3) -> -0.79573763
A987: 1005 | B987: 217.36581 | C987: =B987-$K$4 -> -5.0032203 | D987: 184.593 | E987: 268.32 | F987: =(D987+E987)/2 -> 226.4565 | G987: =F987-$K$3 -> -6.4481799 | H987: =F987-B987 -> 9.0906909 | I987: =(H987-$K$2) -> -1.4449595 | J987: =G987/($K$8-$K$3) -> -0.78580565
A988: 1006 | B988: 217.44016 | C988: =B988-$K$4 -> -4.9288675 | D988: 184.629 | E988: 268.449 | F988: =(D988+E988)/2 -> 226.539 | G988: =F988-$K$3 -> -6.3656799 | H988: =F988-B988 -> 9.098838 | I988: =(H988-$K$2) -> -1.4368124 | J988: =G988/($K$8-$K$3) -> -0.77575181
A989: 1007 | B989: 217.51451 | C989: =B989-$K$4 -> -4.8545146 | D989: 184.664 | E989: 268.577 | F989: =(D989+E989)/2 -> 226.6205 | G989: =F989-$K$3 -> -6.2841799 | H989: =F989-B989 -> 9.1059851 | I989: =(H989-$K$2) -> -1.4296653 | J989: =G989/($K$8-$K$3) -> -0.76581984
A990: 1008 | B990: 217.58887 | C990: =B990-$K$4 -> -4.7801617 | D990: 184.699 | E990: 268.705 | F990: =(D990+E990)/2 -> 226.702 | G990: =F990-$K$3 -> -6.2026799 | H990: =F990-B990 -> 9.1131322 | I990: =(H990-$K$2) -> -1.4225181 | J990: =G990/($K$8-$K$3) -> -0.75588786
A991: 1009 | B991: 217.66322 | C991: =B991-$K$4 -> -4.7058088 | D991: 184.735 | E991: 268.834 | F991: =(D991+E991)/2 -> 226.7845 | G991: =F991-$K$3 -> -6.1201799 | H991: =F991-B991 -> 9.1212794 | I991: =(H991-$K$2) -> -1.414371 | J991: =G991/($K$8-$K$3) -> -0.74583402
A992: 1010 | B992: 217.73757 | C992: =B992-$K$4 -> -4.631456 | D992: 184.77 | E992: 268.962 | F992: =(D992+E992)/2 -> 226.866 | G992: =F992-$K$3 -> -6.0386799 | H992: =F992-B992 -> 9.1284265 | I992: =(H992-$K$2) -> -1.4072239 | J992: =G992/($K$8-$K$3) -> -0.73590205
... A1172: 1190 | B1172: 228.73558 | C1172: =B1172-$K$4 -> 6.3665502 | D1172: 189.484 | E1172: 291.606 | F1172: =(D1172+E1172)/2 -> 240.545 | G1172: =F1172-$K$3 -> 7.6403201 | H1172: =F1172-B1172 -> 11.80942 | I1172: =(H1172-$K$2) -> 1.2737699 | J1172: =G1172/($K$8-$K$3) -> 0.9310855
A1173: 1191 | B1173: 228.79918 | C1173: =B1173-$K$4 -> 6.4301476 | D1173: 189.493 | E1173: 291.709 | F1173: =(D1173+E1173)/2 -> 240.601 | G1173: =F1173-$K$3 -> 7.6963201 | H1173: =F1173-B1173 -> 11.801823 | I1173: =(H1173-$K$2) -> 1.2661725 | J1173: =G1173/($K$8-$K$3) -> 0.93790992 | K1173: 2. Maximum
A1174: 1192 | B1174: 228.78505 | C1174: =B1174-$K$4 -> 6.4160175 | D1174: 189.502 | E1174: 291.812 | F1174: =(D1174+E1174)/2 -> 240.657 | G1174: =F1174-$K$3 -> 7.7523201 | H1174: =F1174-B1174 -> 11.871953 | I1174: =(H1174-$K$2) -> 1.3363026 | J1174: =G1174/($K$8-$K$3) -> 0.94473435
A1175: 1193 | B1175: 228.77102 | C1175: =B1175-$K$4 -> 6.4019912 | D1175: 189.509 | E1175: 291.786 | F1175: =(D1175+E1175)/2 -> 240.6475 | G1175: =F1175-$K$3 -> 7.7428201 | H1175: =F1175-B1175 -> 11.876479 | I1175: =(H1175-$K$2) -> 1.3408289 | J1175: =G1175/($K$8-$K$3) -> 0.94357663
A1176: 1194 | B1176: 228.74554 | C1176: =B1176-$K$4 -> 6.3765102 | D1176: 189.517 | E1176: 291.76 | F1176: =(D1176+E1176)/2 -> 240.6385 | G1176: =F1176-$K$3 -> 7.7338201 | H1176: =F1176-B1176 -> 11.89296 | I1176: =(H1176-$K$2) -> 1.35731 | J1176: =G1176/($K$8-$K$3) -> 0.94247985
A1177: 1195 | B1177: 228.72006 | C1177: =B1177-$K$4 -> 6.3510292 | D1177: 189.524 | E1177: 291.734 | F1177: =(D1177+E1177)/2 -> 240.629 | G1177: =F1177-$K$3 -> 7.7243201 | H1177: =F1177-B1177 -> 11.908941 | I1177: =(H1177-$K$2) -> 1.373291 | J1177: =G1177/($K$8-$K$3) -> 0.94132214
A1178: 1196 | B1178: 228.69458 | C1178: =B1178-$K$4 -> 6.3255482 | D1178: 189.532 | E1178: 291.708 | F1178: =(D1178+E1178)/2 -> 240.62 | G1178: =F1178-$K$3 -> 7.7153201 | H1178: =F1178-B1178 -> 11.925422 | I1178: =(H1178-$K$2) -> 1.389772 | J1178: =G1178/($K$8-$K$3) -> 0.94022535
A1179: 1197 | B1179: 228.6691 | C1179: =B1179-$K$4 -> 6.3000672 | D1179: 189.54 | E1179: 291.681 | F1179: =(D1179+E1179)/2 -> 240.6105 | G1179: =F1179-$K$3 -> 7.7058201 | H1179: =F1179-B1179 -> 11.941403 | I1179: =(H1179-$K$2) -> 1.405753 | J1179: =G1179/($K$8-$K$3) -> 0.93906764
A1180: 1198 | B1180: 228.64362 | C1180: =B1180-$K$4 -> 6.2745861 | D1180: 189.547 | E1180: 291.655 | F1180: =(D1180+E1180)/2 -> 240.601 | G1180: =F1180-$K$3 -> 7.6963201 | H1180: =F1180-B1180 -> 11.957384 | I1180: =(H1180-$K$2) -> 1.421734 | J1180: =G1180/($K$8-$K$3) -> 0.93790992
A1181: 1199 | B1181: 228.61813 | C1181: =B1181-$K$4 -> 6.2491051 | D1181: 189.555 | E1181: 291.629 | F1181: =(D1181+E1181)/2 -> 240.592 | G1181: =F1181-$K$3 -> 7.6873201 | H1181: =F1181-B1181 -> 11.973865 | I1181: =(H1181-$K$2) -> 1.438215 | J1181: =G1181/($K$8-$K$3) -> 0.93681314
A1182: 1200 | B1182: 228.59265 | C1182: =B1182-$K$4 -> 6.2236241 | D1182: 189.562 | E1182: 291.603 | F1182: =(D1182+E1182)/2 -> 240.5825 | G1182: =F1182-$K$3 -> 7.6778201 | H1182: =F1182-B1182 -> 11.989846 | I1182: =(H1182-$K$2) -> 1.454196 | J1182: =G1182/($K$8-$K$3) -> 0.93565543
A1183: 1201 | B1183: 228.5795 | C1183: =B1183-$K$4 -> 6.2104723 | D1183: 189.57 | E1183: 291.577 | F1183: =(D1183+E1183)/2 -> 240.5735 | G1183: =F1183-$K$3 -> 7.6688201 | H1183: =F1183-B1183 -> 11.993998 | I1183: =(H1183-$K$2) -> 1.4583478 | J1183: =G1183/($K$8-$K$3) -> 0.93455864
A1184: 1202 | B1184: 228.56646 | C1184: =B1184-$K$4 -> 6.1974352 | D1184: 189.655 | E1184: 291.257 | F1184: =(D1184+E1184)/2 -> 240.456 | G1184: =F1184-$K$3 -> 7.5513201 | H1184: =F1184-B1184 -> 11.889535 | I1184: =(H1184-$K$2) -> 1.353885 | J1184: =G1184/($K$8-$K$3) -> 0.92023954
A1185: 1203 | B1185: 228.31808 | C1185: =B1185-$K$4 -> 5.9490529 | D1185: 189.74 | E1185: 290.936 | F1185: =(D1185+E1185)/2 -> 240.338 | G1185: =F1185-$K$3 -> 7.4333201 | H1185: =F1185-B1185 -> 12.019918 | I1185: =(H1185-$K$2) -> 1.4842672 | J1185: =G1185/($K$8-$K$3) -> 0.9058595
... A1227: 1245 | B1227: 225.03148 | C1227: =B1227-$K$4 -> 2.6624517 | D1227: 193.21 | E1227: 281.742 | F1227: =(D1227+E1227)/2 -> 237.476 | G1227: =F1227-$K$3 -> 4.5713201 | H1227: =F1227-B1227 -> 12.444519 | I1227: =(H1227-$K$2) -> 1.9088684 | J1227: =G1227/($K$8-$K$3) -> 0.55708266

Sheet Annual Temp at Depth
A1: sol | B1: motor_mean_of_6h_13h | C1: motor_mean_of_24h | D1: Diff | E1: motor_mean_of_6h_13h_interpolated | G1: Temperature variation | H1: recalibration correction applied from sol 680 on
A2: 20 | E2: 226.587 | G2: =E2-$F$4 -> 6.7203809
A3: 21 | E3: 226.446 | F3: average Temperature | G3: =E3-$F$4 -> 6.5793809
A4: 22 | E4: 226.305 | F4: =AVERAGE(E2:E1227) -> 219.86662 | G4: =E4-$F$4 -> 6.4383809
A5: 23 | B5: 226.163 | C5: 220.415 | D5: =C5-B5 -> -5.748 | E5: 226.163 | G5: =E5-$F$4 -> 6.2963809
A6: 24 | C6: 219.82 | E6: 225.728 | F6: Min Max | G6: =E6-$F$4 -> 5.8613809
A7: 25 | C7: 221.565 | E7: 225.292 | F7: =MAX(G2:G1227) -> 8.5653809 | G7: =E7-$F$4 -> 5.4253809
A8: 26 | B8: 224.856 | C8: 219.63 | D8: =C8-B8 -> -5.226 | E8: 224.856 | F8: =MIN(G2:G1227) -> -7.8956191 | G8: =E8-$F$4 -> 4.9893809
A9: 27 | C9: 221.571 | E9: 225.189 | G9: =E9-$F$4 -> 5.3223809
A10: 28 | B10: 225.522 | C10: 220.199 | D10: =C10-B10 -> -5.323 | E10: 225.522 | F10: Range | G10: =E10-$F$4 -> 5.6553809
A11: 29 | B11: 225.916 | C11: 220.612 | D11: =C11-B11 -> -5.304 | E11: 225.916 | F11: =F7-F8 -> 16.461 | G11: =E11-$F$4 -> 6.0493809
A12: 30 | C12: 221.807 | E12: 226.049 | G12: =E12-$F$4 -> 6.1823809
A13: 31 | C13: 219.975 | E13: 226.181 | G13: =E13-$F$4 -> 6.3143809
A14: 32 | C14: 221.661 | E14: 226.314 | G14: =E14-$F$4 -> 6.4473809
A15: 33 | C15: 218.793 | E15: 226.447 | G15: =E15-$F$4 -> 6.5803809
A16: 34 | B16: 226.579 | C16: 220.612 | D16: =C16-B16 -> -5.967 | E16: 226.579 | G16: =E16-$F$4 -> 6.7123809
A17: 35 | B17: 227.084 | C17: 221.466 | D17: =C17-B17 -> -5.618 | E17: 227.084 | G17: =E17-$F$4 -> 7.2173809
A18: 36 | B18: 227.342 | C18: 221.524 | D18: =C18-B18 -> -5.818 | E18: 227.342 | G18: =E18-$F$4 -> 7.4753809
A19: 37 | E19: 227.232 | G19: =E19-$F$4 -> 7.3653809
A20: 38 | C20: 219.416 | E20: 227.122 | G20: =E20-$F$4 -> 7.2553809
A21: 39 | B21: 227.012 | C21: 220.965 | D21: =C21-B21 -> -6.047 | E21: 227.012 | G21: =E21-$F$4 -> 7.1453809
A22: 40 | B22: 227.236 | C22: 221.031 | D22: =C22-B22 -> -6.205 | E22: 227.236 | G22: =E22-$F$4 -> 7.3693809
A23: 41 | B23: 227.718 | C23: 222.132 | D23: =C23-B23 -> -5.586 | E23: 227.718 | G23: =E23-$F$4 -> 7.8513809
A24: 42 | B24: 227.262 | C24: 222.128 | D24: =C24-B24 -> -5.134 | E24: 227.262 | G24: =E24-$F$4 -> 7.3953809
A25: 43 | B25: 228.004 | C25: 222.272 | D25: =C25-B25 -> -5.732 | E25: 228.004 | G25: =E25-$F$4 -> 8.1373809
A26: 44 | B26: 226.576 | C26: 221.212 | D26: =C26-B26 -> -5.364 | E26: 226.576 | G26: =E26-$F$4 -> 6.7093809
A27: 45 | B27: 226.659 | C27: 221.393 | D27: =C27-B27 -> -5.266 | E27: 226.659 | G27: =E27-$F$4 -> 6.7923809
A28: 46 | C28: 220.945 | E28: 226.48 | G28: =E28-$F$4 -> 6.6133809
A29: 47 | B29: 226.301 | C29: 221.685 | D29: =C29-B29 -> -4.616 | E29: 226.301 | G29: =E29-$F$4 -> 6.4343809
A30: 48 | B30: 226.495 | C30: 221.685 | D30: =C30-B30 -> -4.81 | E30: 226.495 | G30: =E30-$F$4 -> 6.6283809
A31: 49 | B31: 227.179 | C31: 221.195 | D31: =C31-B31 -> -5.984 | E31: 227.179 | G31: =E31-$F$4 -> 7.3123809
A32: 50 | B32: 228.095 | C32: 221.074 | D32: =C32-B32 -> -7.021 | E32: 228.095 | G32: =E32-$F$4 -> 8.2283809
A33: 51 | B33: 226.661 | C33: 220.978 | D33: =C33-B33 -> -5.683 | E33: 226.661 | G33: =E33-$F$4 -> 6.7943809
A34: 52 | B34: 227.235 | C34: 221.213 | D34: =C34-B34 -> -6.022 | E34: 227.235 | G34: =E34-$F$4 -> 7.3683809
A35: 53 | B35: 227.568 | C35: 221.236 | D35: =C35-B35 -> -6.332 | E35: 227.568 | G35: =E35-$F$4 -> 7.7013809
A36: 54 | B36: 227.734 | C36: 221.404 | D36: =C36-B36 -> -6.33 | E36: 227.734 | G36: =E36-$F$4 -> 7.8673809
A37: 55 | B37: 227.81 | C37: 221.207 | D37: =C37-B37 -> -6.603 | E37: 227.81 | G37: =E37-$F$4 -> 7.9433809
A38: 56 | B38: 228.006 | C38: 221.17 | D38: =C38-B38 -> -6.836 | E38: 228.006 | G38: =E38-$F$4 -> 8.1393809
A39: 57 | E39: 227.839 | G39: =E39-$F$4 -> 7.9723809
A40: 58 | E40: 227.672 | G40: =E40-$F$4 -> 7.8053809
A41: 59 | B41: 227.505 | C41: 221.711 | D41: =C41-B41 -> -5.794 | E41: 227.505 | G41: =E41-$F$4 -> 7.6383809
A42: 60 | B42: 227.781 | C42: 221.351 | D42: =C42-B42 -> -6.43 | E42: 227.781 | G42: =E42-$F$4 -> 7.9143809
A43: 61 | B43: 228.13 | C43: 221.58 | D43: =C43-B43 -> -6.55 | E43: 228.13 | G43: =E43-$F$4 -> 8.2633809
A44: 62 | B44: 228.057 | C44: 221.6 | D44: =C44-B44 -> -6.457 | E44: 228.057 | G44: =E44-$F$4 -> 8.1903809
A45: 63 | B45: 228.16 | C45: 221.85 | D45: =C45-B45 -> -6.31 | E45: 228.16 | G45: =E45-$F$4 -> 8.2933809
A46: 64 | B46: 227.533 | C46: 221.575 | D46: =C46-B46 -> -5.958 | E46: 227.533 | G46: =E46-$F$4 -> 7.6663809
A47: 65 | B47: 227.128 | C47: 221.292 | D47: =C47-B47 -> -5.836 | E47: 227.128 | G47: =E47-$F$4 -> 7.2613809
A48: 66 | B48: 228.432 | E48: 228.432 | G48: =E48-$F$4 -> 8.5653809
A49: 67 | B49: 227.839 | C49: 221.299 | D49: =C49-B49 -> -6.54 | E49: 227.839 | G49: =E49-$F$4 -> 7.9723809
A50: 68 | B50: 227.087 | C50: 220.544 | D50: =C50-B50 -> -6.543 | E50: 227.087 | G50: =E50-$F$4 -> 7.2203809
A51: 69 | B51: 227.416 | C51: 220.796 | D51: =C51-B51 -> -6.62 | E51: 227.416 | G51: =E51-$F$4 -> 7.5493809
A52: 70 | B52: 227.45 | C52: 220.75 | D52: =C52-B52 -> -6.7 | E52: 227.45 | G52: =E52-$F$4 -> 7.5833809
A53: 71 | C53: 221.776 | E53: 227.718 | G53: =E53-$F$4 -> 7.8513809
A54: 72 | B54: 227.986 | C54: 221.291 | D54: =C54-B54 -> -6.695 | E54: 227.986 | G54: =E54-$F$4 -> 8.1193809
A55: 73 | B55: 227.261 | C55: 220.727 | D55: =C55-B55 -> -6.534 | E55: 227.261 | G55: =E55-$F$4 -> 7.3943809
A56: 74 | B56: 225.939 | C56: 220.262 | D56: =C56-B56 -> -5.677 | E56: 225.939 | G56: =E56-$F$4 -> 6.0723809
A57: 75 | B57: 226.158 | C57: 220.678 | D57: =C57-B57 -> -5.48 | E57: 226.158 | G57: =E57-$F$4 -> 6.2913809
A58: 76 | E58: 225.885 | G58: =E58-$F$4 -> 6.0183809
A59: 77 | E59: 225.613 | G59: =E59-$F$4 -> 5.7463809
A60: 78 | B60: 225.34 | C60: 220.94 | D60: =C60-B60 -> -4.4 | E60: 225.34 | G60: =E60-$F$4 -> 5.4733809
A61: 79 | B61: 225.11 | C61: 220.916 | D61: =C61-B61 -> -4.194 | E61: 225.11 | G61: =E61-$F$4 -> 5.2433809
A62: 80 | B62: 225.3 | C62: 220.715 | D62: =C62-B62 -> -4.585 | E62: 225.3 | G62: =E62-$F$4 -> 5.4333809
A63: 81 | B63: 225.196 | C63: 220.694 | D63: =C63-B63 -> -4.502 | E63: 225.196 | G63: =E63-$F$4 -> 5.3293809
A64: 82 | B64: 225.731 | C64: 221.2 | D64: =C64-B64 -> -4.531 | E64: 225.731 | G64: =E64-$F$4 -> 5.8643809
A65: 83 | B65: 225.539 | C65: 221.184 | D65: =C65-B65 -> -4.355 | E65: 225.539 | G65: =E65-$F$4 -> 5.6723809
A66: 84 | B66: 225.581 | C66: 221.186 | D66: =C66-B66 -> -4.395 | E66: 225.581 | G66: =E66-$F$4 -> 5.7143809
A67: 85 | B67: 226.421 | C67: 220.972 | D67: =C67-B67 -> -5.449 | E67: 226.421 | G67: =E67-$F$4 -> 6.5543809
A68: 86 | B68: 225.68 | C68: 221.139 | D68: =C68-B68 -> -4.541 | E68: 225.68 | G68: =E68-$F$4 -> 5.8133809
A69: 87 | B69: 226.561 | C69: 221.387 | D69: =C69-B69 -> -5.174 | E69: 226.561 | G69: =E69-$F$4 -> 6.6943809
A70: 88 | B70: 224.896 | C70: 220.568 | D70: =C70-B70 -> -4.328 | E70: 224.896 | G70: =E70-$F$4 -> 5.0293809
A71: 89 | B71: 225.823 | C71: 221.295 | D71: =C71-B71 -> -4.528 | E71: 225.823 | G71: =E71-$F$4 -> 5.9563809
A72: 90 | B72: 225.575 | C72: 221.091 | D72: =C72-B72 -> -4.484 | E72: 225.575 | G72: =E72-$F$4 -> 5.7083809
A73: 91 | E73: 225.035 | G73: =E73-$F$4 -> 5.1683809
A74: 92 | E74: 224.494 | G74: =E74-$F$4 -> 4.6273809
A75: 93 | E75: 223.954 | G75: =E75-$F$4 -> 4.0873809
A76: 94 | E76: 223.413 | G76: =E76-$F$4 -> 3.5463809
A77: 95 | B77: 222.873 | C77: 223.663 | D77: =C77-B77 -> 0.79 | E77: 222.873 | G77: =E77-$F$4 -> 3.0063809
A78: 96 | E78: 223.005 | G78: =E78-$F$4 -> 3.1383809
A79: 97 | E79: 223.138 | G79: =E79-$F$4 -> 3.2713809
A80: 98 | E80: 223.27 | G80: =E80-$F$4 -> 3.4033809
A81: 99 | B81: 223.403 | C81: 224.258 | D81: =C81-B81 -> 0.855 | E81: 223.403 | G81: =E81-$F$4 -> 3.5363809
A82: 100 | B82: 222.524 | C82: 223.736 | D82: =C82-B82 -> 1.212 | E82: 222.524 | G82: =E82-$F$4 -> 2.6573809
A83: 101 | B83: 222.088 | C83: 222.951 | D83: =C83-B83 -> 0.863 | E83: 222.088 | G83: =E83-$F$4 -> 2.2213809
A84: 102 | B84: 221.911 | C84: 222.64 | D84: =C84-B84 -> 0.729 | E84: 221.911 | G84: =E84-$F$4 -> 2.0443809
A85: 103 | B85: 221.451 | C85: 222.318 | D85: =C85-B85 -> 0.867 | E85: 221.451 | G85: =E85-$F$4 -> 1.5843809
A86: 104 | B86: 221.585 | C86: 222.48 | D86: =C86-B86 -> 0.895 | E86: 221.585 | G86: =E86-$F$4 -> 1.7183809
A87: 105 | B87: 221.89 | C87: 222.676 | D87: =C87-B87 -> 0.786 | E87: 221.89 | G87: =E87-$F$4 -> 2.0233809
A88: 106 | B88: 221.726 | C88: 223.067 | D88: =C88-B88 -> 1.341 | E88: 221.726 | G88: =E88-$F$4 -> 1.8593809
A89: 107 | B89: 221.808 | C89: 222.614 | D89: =C89-B89 -> 0.806 | E89: 221.808 | G89: =E89-$F$4 -> 1.9413809
A90: 108 | B90: 221.605 | C90: 222.516 | D90: =C90-B90 -> 0.911 | E90: 221.605 | G90: =E90-$F$4 -> 1.7383809
A91: 109 | B91: 221.422 | C91: 222.454 | D91: =C91-B91 -> 1.032 | E91: 221.422 | G91: =E91-$F$4 -> 1.5553809
A92: 110 | B92: 221.393 | C92: 222.395 | D92: =C92-B92 -> 1.002 | E92: 221.393 | G92: =E92-$F$4 -> 1.5263809
... A97: 115 | B97: 221.658 | C97: 222.561 | D97: =C97-B97 -> 0.903 | E97: 221.658 | G97: =E97-$F$4 -> 1.7913809
A98: 116 | E98: 221.78 | G98: =E98-$F$4 -> 1.9133809
A99: 117 | E99: 221.902 | G99: =E99-$F$4 -> 2.0353809
A100: 118 | C100: 228.987 | E100: 222.023 | G100: =E100-$F$4 -> 2.1563809
A101: 119 | E101: 222.145 | G101: =E101-$F$4 -> 2.2783809
A102: 120 | E102: 222.267 | G102: =E102-$F$4 -> 2.4003809
A103: 121 | E103: 222.388 | G103: =E103-$F$4 -> 2.5213809
A104: 122 | C104: 227.146 | E104: 222.51 | G104: =E104-$F$4 -> 2.6433809
...

Sheet 2nd year Temp (Fig. 2)
A1: sol | B1: Sol since sol 680 | C1: Mole Temp | D1: Mole Temp recalibrated | E1: Delta | F1: Mole Temp Variation before recalibration | G1: Temp Var recalibrated | H1: Temp Var scaled recalibrated | I1: TEM-A | J1: RAD 24h Data | K1: Rad Daten (24h av, modelled after yr 1) | L1: RAD Temp Var 24h average | M1: RAD scaled Temp Var
A2: 681 | B2: 1 | C2: ='Annual Temp at Depth'!E663 -> 221.682 | D2: ='Annual Temp at Depth'!H663 -> 222.31078 | E2: =D2-C2 -> 0.62877878 | F2: =C2-$C$568 -> 3.7193504 | G2: =D2-$D$568 -> 3.7280008 | H2: =(D2-$D$568)/($D$569-$D$568) -> 0.53742939 | I2: 222.34869 | K2: ='RAD Data'!B663 -> 223.88628 | L2: =K2-$K$568 -> 2.2158307 | M2: =(K2-$K$568)/($K$569-$K$568) -> 0.31083135
A3: 682 | B3: 2 | C3: ='Annual Temp at Depth'!E664 -> 221.723 | D3: ='Annual Temp at Depth'!H664 -> 222.35061 | E3: =D3-C3 -> 0.62761468 | F3: =C3-$C$568 -> 3.7603504 | G3: =D3-$D$568 -> 3.7678367 | H3: =(D3-$D$568)/($D$569-$D$568) -> 0.54317215 | K3: ='RAD Data'!B664 -> 223.85115 | L3: =K3-$K$568 -> 2.1806945 | M3: =(K3-$K$568)/($K$569-$K$568) -> 0.30590254
A4: 683 | B4: 3 | C4: ='Annual Temp at Depth'!E665 -> 221.763 | D4: ='Annual Temp at Depth'!H665 -> 222.38947 | E4: =D4-C4 -> 0.62647302 | F4: =C4-$C$568 -> 3.8003504 | G4: =D4-$D$568 -> 3.806695 | H4: =(D4-$D$568)/($D$569-$D$568) -> 0.54877397 | K4: ='RAD Data'!B665 -> 223.81601 | L4: =K4-$K$568 -> 2.1455584 | M4: =(K4-$K$568)/($K$569-$K$568) -> 0.30097373
A5: 684 | B5: 4 | C5: ='Annual Temp at Depth'!E666 -> 221.804 | D5: ='Annual Temp at Depth'!H666 -> 222.42935 | E5: =D5-C5 -> 0.62535368 | F5: =C5-$C$568 -> 3.8413504 | G5: =D5-$D$568 -> 3.8465757 | H5: =(D5-$D$568)/($D$569-$D$568) -> 0.55452318 | K5: ='RAD Data'!B666 -> 223.70671 | L5: =K5-$K$568 -> 2.0362523 | M5: =(K5-$K$568)/($K$569-$K$568) -> 0.28564053
A6: 685 | B6: 5 | C6: ='Annual Temp at Depth'!E667 -> 221.844 | D6: ='Annual Temp at Depth'!H667 -> 222.46826 | E6: =D6-C6 -> 0.62425655 | F6: =C6-$C$568 -> 3.8813504 | G6: =D6-$D$568 -> 3.8854785 | H6: =(D6-$D$568)/($D$569-$D$568) -> 0.56013142 | K6: ='RAD Data'!B667 -> 223.7168 | L6: =K6-$K$568 -> 2.0463483 | M6: =(K6-$K$568)/($K$569-$K$568) -> 0.28705677
A7: 686 | B7: 6 | C7: ='Annual Temp at Depth'!E668 -> 221.885 | D7: ='Annual Temp at Depth'!H668 -> 222.50818 | E7: =D7-C7 -> 0.62318151 | F7: =C7-$C$568 -> 3.9223504 | G7: =D7-$D$568 -> 3.9254035 | H7: =(D7-$D$568)/($D$569-$D$568) -> 0.56588701 | K7: ='RAD Data'!B668 -> 223.7934 | L7: =K7-$K$568 -> 2.1229432 | M7: =(K7-$K$568)/($K$569-$K$568) -> 0.29780132
A8: 687 | B8: 7 | C8: ='Annual Temp at Depth'!E669 -> 221.925 | D8: ='Annual Temp at Depth'!H669 -> 222.54713 | E8: =D8-C8 -> 0.62212844 | F8: =C8-$C$568 -> 3.9623504 | G8: =D8-$D$568 -> 3.9643504 | H8: =(D8-$D$568)/($D$569-$D$568) -> 0.57150161 | K8: ='RAD Data'!B669 -> 223.98939 | L8: =K8-$K$568 -> 2.3189385 | M8: =(K8-$K$568)/($K$569-$K$568) -> 0.32529506
A9: 688 | B9: 8 | C9: ='Annual Temp at Depth'!E670 -> 221.799 | D9: ='Annual Temp at Depth'!H670 -> 222.4201 | E9: =D9-C9 -> 0.62109723 | F9: =C9-$C$568 -> 3.8363504 | G9: =D9-$D$568 -> 3.8373192 | H9: =(D9-$D$568)/($D$569-$D$568) -> 0.55318876 | K9: ='RAD Data'!B670 -> 223.9999 | L9: =K9-$K$568 -> 2.3294481 | M9: =(K9-$K$568)/($K$569-$K$568) -> 0.32676932
A10: 689 | B10: 9 | C10: ='Annual Temp at Depth'!E671 -> 221.674 | D10: ='Annual Temp at Depth'!H671 -> 222.29409 | E10: =D10-C10 -> 0.62008775 | F10: =C10-$C$568 -> 3.7113504 | G10: =D10-$D$568 -> 3.7113097 | H10: =(D10-$D$568)/($D$569-$D$568) -> 0.53502321 | K10: ='RAD Data'!B671 -> 223.98256 | L10: =K10-$K$568 -> 2.312108 | M10: =(K10-$K$568)/($K$569-$K$568) -> 0.32433689
A11: 690 | B11: 10 | C11: ='Annual Temp at Depth'!E672 -> 221.548 | D11: ='Annual Temp at Depth'!H672 -> 222.1671 | E11: =D11-C11 -> 0.61909991 | F11: =C11-$C$568 -> 3.5853504 | G11: =D11-$D$568 -> 3.5843219 | H11: =(D11-$D$568)/($D$569-$D$568) -> 0.51671662 | K11: ='RAD Data'!B672 -> 223.99334 | L11: =K11-$K$568 -> 2.3228873 | M11: =(K11-$K$568)/($K$569-$K$568) -> 0.32584899
A12: 691 | B12: 11 | C12: ='Annual Temp at Depth'!E673 -> 221.506 | D12: ='Annual Temp at Depth'!H673 -> 222.12413 | E12: =D12-C12 -> 0.61813356 | F12: =C12-$C$568 -> 3.5433504 | G12: =D12-$D$568 -> 3.5413555 | H12: =(D12-$D$568)/($D$569-$D$568) -> 0.51052258 | K12: ='RAD Data'!B673 -> 224.00425 | L12: =K12-$K$568 -> 2.3338004 | M12: =(K12-$K$568)/($K$569-$K$568) -> 0.32737986
A13: 692 | B13: 12 | C13: ='Annual Temp at Depth'!E674 -> 221.464 | D13: ='Annual Temp at Depth'!H674 -> 222.08119 | E13: =D13-C13 -> 0.61718861 | F13: =C13-$C$568 -> 3.5013504 | G13: =D13-$D$568 -> 3.4984106 | H13: =(D13-$D$568)/($D$569-$D$568) -> 0.50433163 | K13: ='RAD Data'!B674 -> 223.87325 | L13: =K13-$K$568 -> 2.2027959 | M13: =(K13-$K$568)/($K$569-$K$568) -> 0.30900286
A14: 693 | B14: 13 | C14: ='Annual Temp at Depth'!E675 -> 221.422 | D14: ='Annual Temp at Depth'!H675 -> 222.03826 | E14: =D14-C14 -> 0.61626493 | F14: =C14-$C$568 -> 3.4593504 | G14: =D14-$D$568 -> 3.4554869 | H14: =(D14-$D$568)/($D$569-$D$568) -> 0.49814374 | K14: ='RAD Data'!B675 -> 223.74225 | L14: =K14-$K$568 -> 2.0717913 | M14: =(K14-$K$568)/($K$569-$K$568) -> 0.29062586
... A16: 695 | B16: 15 | C16: ='Annual Temp at Depth'!E677 -> 221.337 | D16: ='Annual Temp at Depth'!H677 -> 221.95148 | E16: =D16-C16 -> 0.61448092 | F16: =C16-$C$568 -> 3.3743504 | G16: =D16-$D$568 -> 3.3687029 | H16: =(D16-$D$568)/($D$569-$D$568) -> 0.48563294 | K16: ='RAD Data'!B677 -> 223.48024 | L16: =K16-$K$568 -> 1.8097822 | M16: =(K16-$K$568)/($K$569-$K$568) -> 0.25387185
A17: 696 | B17: 16 | C17: ='Annual Temp at Depth'!E678 -> 221.295 | D17: ='Annual Temp at Depth'!H678 -> 221.90862 | E17: =D17-C17 -> 0.61362036 | F17: =C17-$C$568 -> 3.3323504 | G17: =D17-$D$568 -> 3.3258423 | H17: =(D17-$D$568)/($D$569-$D$568) -> 0.47945415 | J17: 223.535 | K17: ='RAD Data'!B678 -> 223.34923 | L17: =K17-$K$568 -> 1.6787776 | M17: =(K17-$K$568)/($K$569-$K$568) -> 0.23549485
A18: 697 | B18: 17 | C18: ='Annual Temp at Depth'!E679 -> 221.253 | D18: ='Annual Temp at Depth'!H679 -> 221.86578 | E18: =D18-C18 -> 0.6127806 | F18: =C18-$C$568 -> 3.2903504 | G18: =D18-$D$568 -> 3.2830026 | H18: =(D18-$D$568)/($D$569-$D$568) -> 0.47327836 | K18: ='RAD Data'!B679 -> 223.36093 | L18: =K18-$K$568 -> 1.6904732 | M18: =(K18-$K$568)/($K$569-$K$568) -> 0.23713547
A19: 698 | B19: 18 | C19: ='Annual Temp at Depth'!E680 -> 221.211 | D19: ='Annual Temp at Depth'!H680 -> 221.82296 | E19: =D19-C19 -> 0.61196153 | F19: =C19-$C$568 -> 3.2483504 | G19: =D19-$D$568 -> 3.2401835 | H19: =(D19-$D$568)/($D$569-$D$568) -> 0.46710555 | K19: ='RAD Data'!B680 -> 223.55588 | L19: =K19-$K$568 -> 1.8854249 | M19: =(K19-$K$568)/($K$569-$K$568) -> 0.26448283
A20: 699 | B20: 19 | C20: ='Annual Temp at Depth'!E681 -> 221.169 | D20: ='Annual Temp at Depth'!H681 -> 221.78016 | E20: =D20-C20 -> 0.61116304 | F20: =C20-$C$568 -> 3.2063504 | G20: =D20-$D$568 -> 3.197385 | H20: =(D20-$D$568)/($D$569-$D$568) -> 0.46093571 | K20: ='RAD Data'!B681 -> 223.75083 | L20: =K20-$K$568 -> 2.0803766 | M20: =(K20-$K$568)/($K$569-$K$568) -> 0.29183018
A21: 700 | B21: 20 | C21: ='Annual Temp at Depth'!E682 -> 221.126 | D21: ='Annual Temp at Depth'!H682 -> 221.73639 | E21: =D21-C21 -> 0.610385 | F21: =C21-$C$568 -> 3.1633504 | G21: =D21-$D$568 -> 3.153607 | H21: =(D21-$D$568)/($D$569-$D$568) -> 0.45462466 | K21: ='RAD Data'!B682 -> 223.94578 | L21: =K21-$K$568 -> 2.2753283 | M21: =(K21-$K$568)/($K$569-$K$568) -> 0.31917753
A22: 701 | B22: 21 | C22: ='Annual Temp at Depth'!E683 -> 221.084 | D22: ='Annual Temp at Depth'!H683 -> 221.69363 | E22: =D22-C22 -> 0.6096273 | F22: =C22-$C$568 -> 3.1213504 | G22: =D22-$D$568 -> 3.1108493 | H22: =(D22-$D$568)/($D$569-$D$568) -> 0.4484607 | K22: ='RAD Data'!B683 -> 224.14073 | L22: =K22-$K$568 -> 2.47028 | M22: =(K22-$K$568)/($K$569-$K$568) -> 0.34652488
A23: 702 | B23: 22 | C23: ='Annual Temp at Depth'!E684 -> 221.042 | D23: ='Annual Temp at Depth'!H684 -> 221.65089 | E23: =D23-C23 -> 0.60888982 | F23: =C23-$C$568 -> 3.0793504 | G23: =D23-$D$568 -> 3.0681118 | H23: =(D23-$D$568)/($D$569-$D$568) -> 0.44229966 | K23: ='RAD Data'!B684 -> 224.15305 | L23: =K23-$K$568 -> 2.4826002 | M23: =(K23-$K$568)/($K$569-$K$568) -> 0.34825312
A24: 703 | B24: 23 | C24: ='Annual Temp at Depth'!E685 -> 220.991 | D24: ='Annual Temp at Depth'!H685 -> 221.59917 | E24: =D24-C24 -> 0.60817245 | F24: =C24-$C$568 -> 3.0283504 | G24: =D24-$D$568 -> 3.0163944 | H24: =(D24-$D$568)/($D$569-$D$568) -> 0.43484407 | K24: ='RAD Data'!B685 -> 223.73832 | L24: =K24-$K$568 -> 2.067871 | M24: =(K24-$K$568)/($K$569-$K$568) -> 0.29007593
A25: 704 | B25: 24 | C25: ='Annual Temp at Depth'!E686 -> 220.939 | D25: ='Annual Temp at Depth'!H686 -> 221.54648 | E25: =D25-C25 -> 0.60747507 | F25: =C25-$C$568 -> 2.9763504 | G25: =D25-$D$568 -> 2.963697 | H25: =(D25-$D$568)/($D$569-$D$568) -> 0.42724721 | K25: ='RAD Data'!B686 -> 223.73949 | L25: =K25-$K$568 -> 2.069033 | M25: =(K25-$K$568)/($K$569-$K$568) -> 0.29023892
A26: 705 | B26: 25 | C26: ='Annual Temp at Depth'!E687 -> 220.913 | D26: ='Annual Temp at Depth'!H687 -> 221.5198 | E26: =D26-C26 -> 0.60679756 | F26: =C26-$C$568 -> 2.9503504 | G26: =D26-$D$568 -> 2.9370195 | H26: =(D26-$D$568)/($D$569-$D$568) -> 0.42340137 | K26: ='RAD Data'!B687 -> 223.74065 | L26: =K26-$K$568 -> 2.0701949 | M26: =(K26-$K$568)/($K$569-$K$568) -> 0.29040192
A27: 706 | B27: 26 | C27: ='Annual Temp at Depth'!E688 -> 220.886 | D27: ='Annual Temp at Depth'!H688 -> 221.49214 | E27: =D27-C27 -> 0.6061398 | F27: =C27-$C$568 -> 2.9233504 | G27: =D27-$D$568 -> 2.9093618 | H27: =(D27-$D$568)/($D$569-$D$568) -> 0.41941422 | K27: ='RAD Data'!B688 -> 223.74181 | L27: =K27-$K$568 -> 2.0713569 | M27: =(K27-$K$568)/($K$569-$K$568) -> 0.29056492
A28: 707 | B28: 27 | C28: ='Annual Temp at Depth'!E689 -> 220.86 | D28: ='Annual Temp at Depth'!H689 -> 221.4655 | E28: =D28-C28 -> 0.60550168 | F28: =C28-$C$568 -> 2.8973504 | G28: =D28-$D$568 -> 2.8827237 | H28: =(D28-$D$568)/($D$569-$D$568) -> 0.41557407 | K28: ='RAD Data'!B689 -> 223.74297 | L28: =K28-$K$568 -> 2.0725188 | M28: =(K28-$K$568)/($K$569-$K$568) -> 0.29072791
A29: 708 | B29: 28 | C29: ='Annual Temp at Depth'!E690 -> 220.833 | D29: ='Annual Temp at Depth'!H690 -> 221.43788 | E29: =D29-C29 -> 0.60488309 | F29: =C29-$C$568 -> 2.8703504 | G29: =D29-$D$568 -> 2.8551051 | H29: =(D29-$D$568)/($D$569-$D$568) -> 0.41159256 | K29: ='RAD Data'!B690 -> 223.74413 | L29: =K29-$K$568 -> 2.0736808 | M29: =(K29-$K$568)/($K$569-$K$568) -> 0.29089091
... A116: 795 | B116: 115 | C116: ='Annual Temp at Depth'!E777 -> 219.964 | D116: ='Annual Temp at Depth'!H777 -> 220.57654 | E116: =D116-C116 -> 0.61253876 | F116: =C116-$C$568 -> 2.0013504 | G116: =D116-$D$568 -> 1.9937607 | H116: =(D116-$D$568)/($D$569-$D$568) -> 0.28742098 | K116: ='RAD Data'!B777 -> 222.95351 | L116: =K116-$K$568 -> 1.283058 | M116: =(K116-$K$568)/($K$569-$K$568) -> 0.17998426
A117: 796 | B117: 116 | C117: ='Annual Temp at Depth'!E778 -> 220.23 | D117: ='Annual Temp at Depth'!H778 -> 220.84318 | E117: =D117-C117 -> 0.61318097 | F117: =C117-$C$568 -> 2.2673504 | G117: =D117-$D$568 -> 2.2604029 | H117: =(D117-$D$568)/($D$569-$D$568) -> 0.32586018 | I117: 220.79462 | K117: ='RAD Data'!B778 -> 222.87124 | L117: =K117-$K$568 -> 1.2007858 | M117: =(K117-$K$568)/($K$569-$K$568) -> 0.16844331
A118: 797 | B118: 117 | C118: ='Annual Temp at Depth'!E779 -> 220.172 | D118: ='Annual Temp at Depth'!H779 -> 220.78583 | E118: =D118-C118 -> 0.61383232 | F118: =C118-$C$568 -> 2.2093504 | G118: =D118-$D$568 -> 2.2030543 | H118: =(D118-$D$568)/($D$569-$D$568) -> 0.31759278 | K118: ='RAD Data'!B779 -> 222.78897 | L118: =K118-$K$568 -> 1.1185135 | M118: =(K118-$K$568)/($K$569-$K$568) -> 0.15690236
A119: 798 | B119: 118 | C119: ='Annual Temp at Depth'!E780 -> 220.114 | D119: ='Annual Temp at Depth'!H780 -> 220.72849 | E119: =D119-C119 -> 0.61449269 | F119: =C119-$C$568 -> 2.1513504 | G119: =D119-$D$568 -> 2.1457147 | H119: =(D119-$D$568)/($D$569-$D$568) -> 0.30932669 | K119: ='RAD Data'!B780 -> 222.7067 | L119: =K119-$K$568 -> 1.0362413 | M119: =(K119-$K$568)/($K$569-$K$568) -> 0.14536141
A120: 799 | B120: 119 | C120: ='Annual Temp at Depth'!E781 -> 220.056 | D120: ='Annual Temp at Depth'!H781 -> 220.67116 | E120: =D120-C120 -> 0.61516195 | F120: =C120-$C$568 -> 2.0933504 | G120: =D120-$D$568 -> 2.0883839 | H120: =(D120-$D$568)/($D$569-$D$568) -> 0.30106188 | K120: ='RAD Data'!B781 -> 222.62442 | L120: =K120-$K$568 -> 0.95396905 | M120: =(K120-$K$568)/($K$569-$K$568) -> 0.13382046
A121: 800 | B121: 120 | C121: ='Annual Temp at Depth'!E782 -> 219.998 | D121: ='Annual Temp at Depth'!H782 -> 220.61384 | E121: =D121-C121 -> 0.61584 | F121: =C121-$C$568 -> 2.0353504 | G121: =D121-$D$568 -> 2.031062 | H121: =(D121-$D$568)/($D$569-$D$568) -> 0.29279833 | K121: ='RAD Data'!B782 -> 222.54215 | L121: =K121-$K$568 -> 0.87169681 | M121: =(K121-$K$568)/($K$569-$K$568) -> 0.12227951
A122: 801 | B122: 121 | C122: ='Annual Temp at Depth'!E783 -> 219.94 | D122: ='Annual Temp at Depth'!H783 -> 220.55653 | E122: =D122-C122 -> 0.61652671 | F122: =C122-$C$568 -> 1.9773504 | G122: =D122-$D$568 -> 1.9737487 | H122: =(D122-$D$568)/($D$569-$D$568) -> 0.28453604 | K122: ='RAD Data'!B783 -> 222.45988 | L122: =K122-$K$568 -> 0.78942457 | M122: =(K122-$K$568)/($K$569-$K$568) -> 0.11073856
A123: 802 | B123: 122 | C123: ='Annual Temp at Depth'!E784 -> 219.882 | D123: ='Annual Temp at Depth'!H784 -> 220.49922 | E123: =D123-C123 -> 0.61722198 | F123: =C123-$C$568 -> 1.9193504 | G123: =D123-$D$568 -> 1.916444 | H123: =(D123-$D$568)/($D$569-$D$568) -> 0.27627497 | K123: ='RAD Data'!B784 -> 222.37761 | L123: =K123-$K$568 -> 0.70715234 | M123: =(K123-$K$568)/($K$569-$K$568) -> 0.099197614
A124: 803 | B124: 123 | C124: ='Annual Temp at Depth'!E785 -> 219.824 | D124: ='Annual Temp at Depth'!H785 -> 220.44193 | E124: =D124-C124 -> 0.61792567 | F124: =C124-$C$568 -> 1.8613504 | G124: =D124-$D$568 -> 1.8591476 | H124: =(D124-$D$568)/($D$569-$D$568) -> 0.26801513 | K124: ='RAD Data'!B785 -> 222.29533 | L124: =K124-$K$568 -> 0.6248801 | M124: =(K124-$K$568)/($K$569-$K$568) -> 0.087656664
A125: 804 | B125: 124 | C125: ='Annual Temp at Depth'!E786 -> 219.766 | D125: ='Annual Temp at Depth'!H786 -> 220.38464 | E125: =D125-C125 -> 0.61863768 | F125: =C125-$C$568 -> 1.8033504 | G125: =D125-$D$568 -> 1.8018597 | H125: =(D125-$D$568)/($D$569-$D$568) -> 0.25975648 | K125: ='RAD Data'!B786 -> 222.21306 | L125: =K125-$K$568 -> 0.54260787 | M125: =(K125-$K$568)/($K$569-$K$568) -> 0.076115715
A126: 805 | B126: 125 | C126: ='Annual Temp at Depth'!E787 -> 219.708 | D126: ='Annual Temp at Depth'!H787 -> 220.32736 | E126: =D126-C126 -> 0.61935789 | F126: =C126-$C$568 -> 1.7453504 | G126: =D126-$D$568 -> 1.7445799 | H126: =(D126-$D$568)/($D$569-$D$568) -> 0.25149901 | K126: ='RAD Data'!B787 -> 222.13079 | L126: =K126-$K$568 -> 0.46033563 | M126: =(K126-$K$568)/($K$569-$K$568) -> 0.064574765
A127: 806 | B127: 126 | C127: ='Annual Temp at Depth'!E788 -> 219.649 | D127: ='Annual Temp at Depth'!H788 -> 220.26909 | E127: =D127-C127 -> 0.62008619 | F127: =C127-$C$568 -> 1.6863504 | G127: =D127-$D$568 -> 1.6863082 | H127: =(D127-$D$568)/($D$569-$D$568) -> 0.24309855 | K127: ='RAD Data'!B788 -> 222.04852 | L127: =K127-$K$568 -> 0.3780634 | M127: =(K127-$K$568)/($K$569-$K$568) -> 0.053033816
A128: 807 | B128: 127 | C128: ='Annual Temp at Depth'!E789 -> 219.591 | D128: ='Annual Temp at Depth'!H789 -> 220.21182 | E128: =D128-C128 -> 0.62082244 | F128: =C128-$C$568 -> 1.6283504 | G128: =D128-$D$568 -> 1.6290444 | H128: =(D128-$D$568)/($D$569-$D$568) -> 0.2348434 | K128: ='RAD Data'!B789 -> 221.96624 | L128: =K128-$K$568 -> 0.29579116 | M128: =(K128-$K$568)/($K$569-$K$568) -> 0.041492866
A129: 808 | B129: 128 | C129: ='Annual Temp at Depth'!E790 -> 219.533 | D129: ='Annual Temp at Depth'!H790 -> 220.15457 | E129: =D129-C129 -> 0.62156655 | F129: =C129-$C$568 -> 1.5703504 | G129: =D129-$D$568 -> 1.5717885 | H129: =(D129-$D$568)/($D$569-$D$568) -> 0.22658937 | K129: ='RAD Data'!B790 -> 221.88397 | L129: =K129-$K$568 -> 0.21351892 | M129: =(K129-$K$568)/($K$569-$K$568) -> 0.029951917
... A145: 824 | B145: 144 | C145: ='Annual Temp at Depth'!E806 -> 218.604 | D145: ='Annual Temp at Depth'!H806 -> 219.23844 | E145: =D145-C145 -> 0.63444446 | F145: =C145-$C$568 -> 0.64135044 | G145: =D145-$D$568 -> 0.65566644 | H145: =(D145-$D$568)/($D$569-$D$568) -> 0.094521015 | K145: ='RAD Data'!B806 -> 220.56762 | L145: =K145-$K$568 -> -1.1028368 | M145: =(K145-$K$568)/($K$569-$K$568) -> -0.15470328
A146: 825 | B146: 145 | C146: ='Annual Temp at Depth'!E807 -> 218.546 | D146: ='Annual Temp at Depth'!H807 -> 219.1813 | E146: =D146-C146 -> 0.63530414 | F146: =C146-$C$568 -> 0.58335044 | G146: =D146-$D$568 -> 0.59852612 | H146: =(D146-$D$568)/($D$569-$D$568) -> 0.086283654 | I146: 219.08593 | K146: ='RAD Data'!B807 -> 220.48534 | L146: =K146-$K$568 -> -1.1851091 | M146: =(K146-$K$568)/($K$569-$K$568) -> -0.16624423
A147: 826 | B147: 146 | C147: ='Annual Temp at Depth'!E808 -> 218.45 | D147: ='Annual Temp at Depth'!H808 -> 219.08617 | E147: =D147-C147 -> 0.63616957 | F147: =C147-$C$568 -> 0.48735044 | G147: =D147-$D$568 -> 0.50339154 | H147: =(D147-$D$568)/($D$569-$D$568) -> 0.072569034 | K147: ='RAD Data'!B808 -> 220.40307 | L147: =K147-$K$568 -> -1.2673813 | M147: =(K147-$K$568)/($K$569-$K$568) -> -0.17778518
A148: 827 | B148: 147 | C148: ='Annual Temp at Depth'!E809 -> 218.355 | D148: ='Annual Temp at Depth'!H809 -> 218.99204 | E148: =D148-C148 -> 0.63704062 | F148: =C148-$C$568 -> 0.39235044 | G148: =D148-$D$568 -> 0.4092626 | H148: =(D148-$D$568)/($D$569-$D$568) -> 0.058999385 | K148: ='RAD Data'!B809 -> 220.3208 | L148: =K148-$K$568 -> -1.3496536 | M148: =(K148-$K$568)/($K$569-$K$568) -> -0.18932613
A149: 828 | B149: 148 | C149: ='Annual Temp at Depth'!E810 -> 218.26 | D149: ='Annual Temp at Depth'!H810 -> 218.89792 | E149: =D149-C149 -> 0.6379172 | F149: =C149-$C$568 -> 0.29735044 | G149: =D149-$D$568 -> 0.31513917 | H149: =(D149-$D$568)/($D$569-$D$568) -> 0.045430531 | K149: ='RAD Data'!B810 -> 220.23853 | L149: =K149-$K$568 -> -1.4319258 | M149: =(K149-$K$568)/($K$569-$K$568) -> -0.20086707
A150: 829 | B150: 149 | C150: ='Annual Temp at Depth'!E811 -> 218.164 | D150: ='Annual Temp at Depth'!H811 -> 218.8028 | E150: =D150-C150 -> 0.63879917 | F150: =C150-$C$568 -> 0.20135044 | G150: =D150-$D$568 -> 0.22002114 | H150: =(D150-$D$568)/($D$569-$D$568) -> 0.031718295 | K150: ='RAD Data'!B811 -> 220.15626 | L150: =K150-$K$568 -> -1.514198 | M150: =(K150-$K$568)/($K$569-$K$568) -> -0.21240802
A151: 830 | B151: 150 | C151: ='Annual Temp at Depth'!E812 -> 218.069 | D151: ='Annual Temp at Depth'!H812 -> 218.70869 | E151: =D151-C151 -> 0.63968641 | F151: =C151-$C$568 -> 0.10635044 | G151: =D151-$D$568 -> 0.12590839 | H151: =(D151-$D$568)/($D$569-$D$568) -> 0.018150981 | K151: ='RAD Data'!B812 -> 220.07398 | L151: =K151-$K$568 -> -1.5964703 | M151: =(K151-$K$568)/($K$569-$K$568) -> -0.22394897
A152: 831 | B152: 151 | C152: ='Annual Temp at Depth'!E813 -> 217.974 | D152: ='Annual Temp at Depth'!H813 -> 218.61458 | E152: =D152-C152 -> 0.64057883 | F152: =C152-$C$568 -> 0.011350442 | G152: =D152-$D$568 -> 0.031800805 | H152: =(D152-$D$568)/($D$569-$D$568) -> 0.004584411 | K152: ='RAD Data'!B813 -> 219.99171 | L152: =K152-$K$568 -> -1.6787425 | M152: =(K152-$K$568)/($K$569-$K$568) -> -0.23548992
A153: 832 | B153: 152 | C153: ='Annual Temp at Depth'!E814 -> 217.879 | D153: ='Annual Temp at Depth'!H814 -> 218.52048 | E153: =D153-C153 -> 0.64147629 | F153: =C153-$C$568 -> -0.083649558 | G153: =D153-$D$568 -> -0.062301733 | H153: =(D153-$D$568)/($D$569-$D$568) -> -0.0089814313 | K153: ='RAD Data'!B814 -> 219.90944 | L153: =K153-$K$568 -> -1.7610147 | M153: =(K153-$K$568)/($K$569-$K$568) -> -0.24703087
A154: 833 | B154: 153 | C154: ='Annual Temp at Depth'!E815 -> 217.783 | D154: ='Annual Temp at Depth'!H815 -> 218.42538 | E154: =D154-C154 -> 0.64237868 | F154: =C154-$C$568 -> -0.17964956 | G154: =D154-$D$568 -> -0.15739934 | H154: =(D154-$D$568)/($D$569-$D$568) -> -0.022690723 | K154: ='RAD Data'!B815 -> 219.82717 | L154: =K154-$K$568 -> -1.843287 | M154: =(K154-$K$568)/($K$569-$K$568) -> -0.25857182
A155: 834 | B155: 154 | C155: ='Annual Temp at Depth'!E816 -> 217.688 | D155: ='Annual Temp at Depth'!H816 -> 218.33129 | E155: =D155-C155 -> 0.64328589 | F155: =C155-$C$568 -> -0.27464956 | G155: =D155-$D$568 -> -0.25149213 | H155: =(D155-$D$568)/($D$569-$D$568) -> -0.03625516 | K155: ='RAD Data'!B816 -> 219.74489 | L155: =K155-$K$568 -> -1.9255592 | M155: =(K155-$K$568)/($K$569-$K$568) -> -0.27011277
A156: 835 | B156: 155 | C156: ='Annual Temp at Depth'!E817 -> 217.593 | D156: ='Annual Temp at Depth'!H817 -> 218.2372 | E156: =D156-C156 -> 0.64419779 | F156: =C156-$C$568 -> -0.36964956 | G156: =D156-$D$568 -> -0.34558023 | H156: =(D156-$D$568)/($D$569-$D$568) -> -0.049818921 | K156: ='RAD Data'!B817 -> 219.66262 | L156: =K156-$K$568 -> -2.0078314 | M156: =(K156-$K$568)/($K$569-$K$568) -> -0.28165372
A157: 836 | B157: 156 | C157: ='Annual Temp at Depth'!E818 -> 217.498 | D157: ='Annual Temp at Depth'!H818 -> 218.14311 | E157: =D157-C157 -> 0.64511428 | F157: =C157-$C$568 -> -0.46464956 | G157: =D157-$D$568 -> -0.43966375 | H157: =(D157-$D$568)/($D$569-$D$568) -> -0.063382021 | K157: ='RAD Data'!B818 -> 219.58035 | L157: =K157-$K$568 -> -2.0901037 | M157: =(K157-$K$568)/($K$569-$K$568) -> -0.29319467
A158: 837 | B158: 157 | C158: ='Annual Temp at Depth'!E819 -> 217.402 | D158: ='Annual Temp at Depth'!H819 -> 218.04804 | E158: =D158-C158 -> 0.64603522 | F158: =C158-$C$568 -> -0.56064956 | G158: =D158-$D$568 -> -0.5347428 | H158: =(D158-$D$568)/($D$569-$D$568) -> -0.077088638 | K158: ='RAD Data'!B819 -> 219.49808 | L158: =K158-$K$568 -> -2.1723759 | M158: =(K158-$K$568)/($K$569-$K$568) -> -0.30473562
... A192: 871 | B192: 191 | C192: ='Annual Temp at Depth'!E853 -> 215.84 | D192: ='Annual Temp at Depth'!H853 -> 216.51917 | E192: =D192-C192 -> 0.67916989 | F192: =C192-$C$568 -> -2.1226496 | G192: =D192-$D$568 -> -2.0636081 | H192: =(D192-$D$568)/($D$569-$D$568) -> -0.29749019 | K192: ='RAD Data'!B853 -> 218.56096 | L192: =K192-$K$568 -> -3.1094986 | M192: =(K192-$K$568)/($K$569-$K$568) -> -0.43619292
A193: 872 | B193: 192 | C193: ='Annual Temp at Depth'!E854 -> 216.072 | D193: ='Annual Temp at Depth'!H854 -> 216.75217 | E193: =D193-C193 -> 0.68017353 | F193: =C193-$C$568 -> -1.8906496 | G193: =D193-$D$568 -> -1.8306045 | H193: =(D193-$D$568)/($D$569-$D$568) -> -0.26390034 | I193: 216.61632 | K193: ='RAD Data'!B854 -> 218.46293 | L193: =K193-$K$568 -> -3.2075205 | M193: =(K193-$K$568)/($K$569-$K$568) -> -0.44994319
A194: 873 | B194: 193 | C194: ='Annual Temp at Depth'!E855 -> 215.966 | D194: ='Annual Temp at Depth'!H855 -> 216.64718 | E194: =D194-C194 -> 0.68117743 | F194: =C194-$C$568 -> -1.9966496 | G194: =D194-$D$568 -> -1.9356006 | H194: =(D194-$D$568)/($D$569-$D$568) -> -0.2790366 | K194: ='RAD Data'!B855 -> 218.36491 | L194: =K194-$K$568 -> -3.3055423 | M194: =(K194-$K$568)/($K$569-$K$568) -> -0.46369345
A195: 874 | B195: 194 | C195: ='Annual Temp at Depth'!E856 -> 215.859 | D195: ='Annual Temp at Depth'!H856 -> 216.54118 | E195: =D195-C195 -> 0.68218148 | F195: =C195-$C$568 -> -2.1036496 | G195: =D195-$D$568 -> -2.0415965 | H195: =(D195-$D$568)/($D$569-$D$568) -> -0.294317 | K195: ='RAD Data'!B856 -> 218.26689 | L195: =K195-$K$568 -> -3.4035641 | M195: =(K195-$K$568)/($K$569-$K$568) -> -0.47744371
A196: 875 | B196: 195 | C196: ='Annual Temp at Depth'!E857 -> 215.753 | D196: ='Annual Temp at Depth'!H857 -> 216.43619 | E196: =D196-C196 -> 0.68318555 | F196: =C196-$C$568 -> -2.2096496 | G196: =D196-$D$568 -> -2.1465925 | H196: =(D196-$D$568)/($D$569-$D$568) -> -0.30945323 | K196: ='RAD Data'!B857 -> 218.16887 | L196: =K196-$K$568 -> -3.5015859 | M196: =(K196-$K$568)/($K$569-$K$568) -> -0.49119398
A197: 876 | B197: 196 | C197: ='Annual Temp at Depth'!E858 -> 215.647 | D197: ='Annual Temp at Depth'!H858 -> 216.33119 | E197: =D197-C197 -> 0.68418953 | F197: =C197-$C$568 -> -2.3156496 | G197: =D197-$D$568 -> -2.2515885 | H197: =(D197-$D$568)/($D$569-$D$568) -> -0.32458948 | K197: ='RAD Data'!B858 -> 218.07085 | L197: =K197-$K$568 -> -3.5996078 | M197: =(K197-$K$568)/($K$569-$K$568) -> -0.50494424
A198: 877 | B198: 197 | C198: ='Annual Temp at Depth'!E859 -> 215.541 | D198: ='Annual Temp at Depth'!H859 -> 216.22619 | E198: =D198-C198 -> 0.68519331 | F198: =C198-$C$568 -> -2.4216496 | G198: =D198-$D$568 -> -2.3565847 | H198: =(D198-$D$568)/($D$569-$D$568) -> -0.33972576 | K198: ='RAD Data'!B859 -> 217.97282 | L198: =K198-$K$568 -> -3.6976296 | M198: =(K198-$K$568)/($K$569-$K$568) -> -0.5186945
A199: 878 | B199: 198 | C199: ='Annual Temp at Depth'!E860 -> 215.434 | D199: ='Annual Temp at Depth'!H860 -> 216.1202 | E199: =D199-C199 -> 0.68619676 | F199: =C199-$C$568 -> -2.5286496 | G199: =D199-$D$568 -> -2.4625813 | H199: =(D199-$D$568)/($D$569-$D$568) -> -0.35500625 | K199: ='RAD Data'!B860 -> 217.8748 | L199: =K199-$K$568 -> -3.7956514 | M199: =(K199-$K$568)/($K$569-$K$568) -> -0.53244477
A200: 879 | B200: 199 | C200: ='Annual Temp at Depth'!E861 -> 215.328 | D200: ='Annual Temp at Depth'!H861 -> 216.0152 | E200: =D200-C200 -> 0.68719978 | F200: =C200-$C$568 -> -2.6346496 | G200: =D200-$D$568 -> -2.5675782 | H200: =(D200-$D$568)/($D$569-$D$568) -> -0.37014263 | K200: ='RAD Data'!B861 -> 217.77678 | L200: =K200-$K$568 -> -3.8936732 | M200: =(K200-$K$568)/($K$569-$K$568) -> -0.54619503
A201: 880 | B201: 200 | C201: ='Annual Temp at Depth'!E862 -> 215.222 | D201: ='Annual Temp at Depth'!H862 -> 215.9102 | E201: =D201-C201 -> 0.68820224 | F201: =C201-$C$568 -> -2.7406496 | G201: =D201-$D$568 -> -2.6725758 | H201: =(D201-$D$568)/($D$569-$D$568) -> -0.3852791 | K201: ='RAD Data'!B862 -> 217.67876 | L201: =K201-$K$568 -> -3.9916951 | M201: =(K201-$K$568)/($K$569-$K$568) -> -0.55994529
A202: 881 | B202: 201 | C202: ='Annual Temp at Depth'!E863 -> 215.115 | D202: ='Annual Temp at Depth'!H863 -> 215.8042 | E202: =D202-C202 -> 0.68920403 | F202: =C202-$C$568 -> -2.8476496 | G202: =D202-$D$568 -> -2.778574 | H202: =(D202-$D$568)/($D$569-$D$568) -> -0.40055983 | K202: ='RAD Data'!B863 -> 217.58074 | L202: =K202-$K$568 -> -4.0897169 | M202: =(K202-$K$568)/($K$569-$K$568) -> -0.57369556
A203: 882 | B203: 202 | C203: ='Annual Temp at Depth'!E864 -> 215.009 | D203: ='Annual Temp at Depth'!H864 -> 215.69921 | E203: =D203-C203 -> 0.69020503 | F203: =C203-$C$568 -> -2.9536496 | G203: =D203-$D$568 -> -2.883573 | H203: =(D203-$D$568)/($D$569-$D$568) -> -0.41569651 | K203: ='RAD Data'!B864 -> 217.48272 | L203: =K203-$K$568 -> -4.1877387 | M203: =(K203-$K$568)/($K$569-$K$568) -> -0.58744582
A204: 883 | B204: 203 | C204: ='Annual Temp at Depth'!E865 -> 214.903 | D204: ='Annual Temp at Depth'!H865 -> 215.59421 | E204: =D204-C204 -> 0.69120512 | F204: =C204-$C$568 -> -3.0596496 | G204: =D204-$D$568 -> -2.9885729 | H204: =(D204-$D$568)/($D$569-$D$568) -> -0.43083331 | K204: ='RAD Data'!B865 -> 217.38469 | L204: =K204-$K$568 -> -4.2857605 | M204: =(K204-$K$568)/($K$569-$K$568) -> -0.60119609
A205: 884 | B205: 204 | C205: ='Annual Temp at Depth'!E866 -> 214.797 | D205: ='Annual Temp at Depth'!H866 -> 215.4892 | E205: =D205-C205 -> 0.69220419 | F205: =C205-$C$568 -> -3.1656496 | G205: =D205-$D$568 -> -3.0935738 | H205: =(D205-$D$568)/($D$569-$D$568) -> -0.44597027 | K205: ='RAD Data'!B866 -> 217.28667 | L205: =K205-$K$568 -> -4.3837824 | M205: =(K205-$K$568)/($K$569-$K$568) -> -0.61494635
... A389: 1068 | B389: 388 | C389: ='Annual Temp at Depth'!E1050 -> 216.21 | D389: ='Annual Temp at Depth'!H1050 -> 216.94545 | E389: =D389-C389 -> 0.73545057 | F389: =C389-$C$568 -> -1.7526496 | G389: =D389-$D$568 -> -1.6373275 | H389: =(D389-$D$568)/($D$569-$D$568) -> -0.23603748 | K389: ='RAD Data'!B1050 -> 220.75278 | L389: =K389-$K$568 -> -0.91767191 | M389: =(K389-$K$568)/($K$569-$K$568) -> -0.12872879
A390: 1069 | B390: 389 | C390: ='Annual Temp at Depth'!E1051 -> 216.531 | D390: ='Annual Temp at Depth'!H1051 -> 217.26525 | E390: =D390-C390 -> 0.73425212 | F390: =C390-$C$568 -> -1.4316496 | G390: =D390-$D$568 -> -1.3175259 | H390: =(D390-$D$568)/($D$569-$D$568) -> -0.18993482 | I390: 217.20576 | K390: ='RAD Data'!B1051 -> 220.9881 | L390: =K390-$K$568 -> -0.6823522 | M390: =(K390-$K$568)/($K$569-$K$568) -> -0.095718711
A391: 1070 | B391: 390 | C391: ='Annual Temp at Depth'!E1052 -> 216.543 | D391: ='Annual Temp at Depth'!H1052 -> 217.27603 | E391: =D391-C391 -> 0.73303093 | F391: =C391-$C$568 -> -1.4196496 | G391: =D391-$D$568 -> -1.3067471 | H391: =(D391-$D$568)/($D$569-$D$568) -> -0.18838094 | K391: ='RAD Data'!B1052 -> 221.22342 | L391: =K391-$K$568 -> -0.44703249 | M391: =(K391-$K$568)/($K$569-$K$568) -> -0.062708633
A392: 1071 | B392: 391 | C392: ='Annual Temp at Depth'!E1053 -> 216.554 | D392: ='Annual Temp at Depth'!H1053 -> 217.28579 | E392: =D392-C392 -> 0.7317869 | F392: =C392-$C$568 -> -1.4086496 | G392: =D392-$D$568 -> -1.2969911 | H392: =(D392-$D$568)/($D$569-$D$568) -> -0.18697452 | K392: ='RAD Data'!B1053 -> 221.45874 | L392: =K392-$K$568 -> -0.21171279 | M392: =(K392-$K$568)/($K$569-$K$568) -> -0.029698556
A393: 1072 | B393: 392 | C393: ='Annual Temp at Depth'!E1054 -> 216.566 | D393: ='Annual Temp at Depth'!H1054 -> 217.29652 | E393: =D393-C393 -> 0.7305199 | F393: =C393-$C$568 -> -1.3966496 | G393: =D393-$D$568 -> -1.2862581 | H393: =(D393-$D$568)/($D$569-$D$568) -> -0.18542725 | K393: ='RAD Data'!B1054 -> 221.69406 | L393: =K393-$K$568 -> 0.023606924 | M393: =(K393-$K$568)/($K$569-$K$568) -> 0.0033115221
A394: 1073 | B394: 393 | C394: ='Annual Temp at Depth'!E1055 -> 216.577 | D394: ='Annual Temp at Depth'!H1055 -> 217.30623 | E394: =D394-C394 -> 0.72922981 | F394: =C394-$C$568 -> -1.3856496 | G394: =D394-$D$568 -> -1.2765482 | H394: =(D394-$D$568)/($D$569-$D$568) -> -0.18402747 | K394: ='RAD Data'!B1055 -> 221.67804 | L394: =K394-$K$568 -> 0.0075839438 | M394: =(K394-$K$568)/($K$569-$K$568) -> 0.0010638572
A395: 1074 | B395: 394 | C395: ='Annual Temp at Depth'!E1056 -> 216.589 | D395: ='Annual Temp at Depth'!H1056 -> 217.31692 | E395: =D395-C395 -> 0.72791653 | F395: =C395-$C$568 -> -1.3736496 | G395: =D395-$D$568 -> -1.2658615 | H395: =(D395-$D$568)/($D$569-$D$568) -> -0.18248687 | K395: ='RAD Data'!B1056 -> 221.56541 | L395: =K395-$K$568 -> -0.10504021 | M395: =(K395-$K$568)/($K$569-$K$568) -> -0.014734785
A396: 1075 | B396: 395 | C396: ='Annual Temp at Depth'!E1057 -> 216.6 | D396: ='Annual Temp at Depth'!H1057 -> 217.32658 | E396: =D396-C396 -> 0.72657992 | F396: =C396-$C$568 -> -1.3626496 | G396: =D396-$D$568 -> -1.2561981 | H396: =(D396-$D$568)/($D$569-$D$568) -> -0.18109379 | J396: 220.651 | K396: ='RAD Data'!B1057 -> 220.31414 | L396: =K396-$K$568 -> -1.3563173 | M396: =(K396-$K$568)/($K$569-$K$568) -> -0.1902609
A397: 1076 | B397: 396 | C397: ='Annual Temp at Depth'!E1058 -> 216.612 | D397: ='Annual Temp at Depth'!H1058 -> 217.33722 | E397: =D397-C397 -> 0.72521988 | F397: =C397-$C$568 -> -1.3506496 | G397: =D397-$D$568 -> -1.2455581 | H397: =(D397-$D$568)/($D$569-$D$568) -> -0.17955993 | K397: ='RAD Data'!B1058 -> 220.2979 | L397: =K397-$K$568 -> -1.3725582 | M397: =(K397-$K$568)/($K$569-$K$568) -> -0.19253914
A398: 1077 | B398: 397 | C398: ='Annual Temp at Depth'!E1059 -> 216.623 | D398: ='Annual Temp at Depth'!H1059 -> 217.34684 | E398: =D398-C398 -> 0.72383629 | F398: =C398-$C$568 -> -1.3396496 | G398: =D398-$D$568 -> -1.2359417 | H398: =(D398-$D$568)/($D$569-$D$568) -> -0.17817363 | K398: ='RAD Data'!B1059 -> 220.38386 | L398: =K398-$K$568 -> -1.2865929 | M398: =(K398-$K$568)/($K$569-$K$568) -> -0.18048013
A399: 1078 | B399: 398 | C399: ='Annual Temp at Depth'!E1060 -> 216.635 | D399: ='Annual Temp at Depth'!H1060 -> 217.35743 | E399: =D399-C399 -> 0.72242903 | F399: =C399-$C$568 -> -1.3276496 | G399: =D399-$D$568 -> -1.225349 | H399: =(D399-$D$568)/($D$569-$D$568) -> -0.17664658 | K399: ='RAD Data'!B1060 -> 220.46983 | L399: =K399-$K$568 -> -1.2006275 | M399: =(K399-$K$568)/($K$569-$K$568) -> -0.16842112
A400: 1079 | B400: 399 | C400: ='Annual Temp at Depth'!E1061 -> 216.646 | D400: ='Annual Temp at Depth'!H1061 -> 217.367 | E400: =D400-C400 -> 0.72099799 | F400: =C400-$C$568 -> -1.3166496 | G400: =D400-$D$568 -> -1.21578 | H400: =(D400-$D$568)/($D$569-$D$568) -> -0.17526711 | K400: ='RAD Data'!B1061 -> 220.55579 | L400: =K400-$K$568 -> -1.1146622 | M400: =(K400-$K$568)/($K$569-$K$568) -> -0.15636211
A401: 1080 | B401: 400 | C401: ='Annual Temp at Depth'!E1062 -> 216.658 | D401: ='Annual Temp at Depth'!H1062 -> 217.37754 | E401: =D401-C401 -> 0.71954304 | F401: =C401-$C$568 -> -1.3046496 | G401: =D401-$D$568 -> -1.205235 | H401: =(D401-$D$568)/($D$569-$D$568) -> -0.17374694 | K401: ='RAD Data'!B1062 -> 220.64176 | L401: =K401-$K$568 -> -1.0286969 | M401: =(K401-$K$568)/($K$569-$K$568) -> -0.1443031
A402: 1081 | B402: 401 | C402: ='Annual Temp at Depth'!E1063 -> 216.669 | D402: ='Annual Temp at Depth'!H1063 -> 217.38706 | E402: =D402-C402 -> 0.71806408 | F402: =C402-$C$568 -> -1.2936496 | G402: =D402-$D$568 -> -1.1957139 | H402: =(D402-$D$568)/($D$569-$D$568) -> -0.17237438 | K402: ='RAD Data'!B1063 -> 220.72772 | L402: =K402-$K$568 -> -0.94273151 | M402: =(K402-$K$568)/($K$569-$K$568) -> -0.13224409
A403: 1082 | B403: 402 | C403: ='Annual Temp at Depth'!E1064 -> 216.68 | D403: ='Annual Temp at Depth'!H1064 -> 217.39656 | E403: =D403-C403 -> 0.71656098 | F403: =C403-$C$568 -> -1.2826496 | G403: =D403-$D$568 -> -1.186217 | H403: =(D403-$D$568)/($D$569-$D$568) -> -0.17100531 | J403: 220.702 | K403: ='RAD Data'!B1064 -> 220.81369 | L403: =K403-$K$568 -> -0.85676617 | M403: =(K403-$K$568)/($K$569-$K$568) -> -0.12018508
A404: 1083 | B404: 403 | C404: ='Annual Temp at Depth'!E1065 -> 216.692 | D404: ='Annual Temp at Depth'!H1065 -> 217.40703 | E404: =D404-C404 -> 0.71503362 | F404: =C404-$C$568 -> -1.2706496 | G404: =D404-$D$568 -> -1.1757444 | H404: =(D404-$D$568)/($D$569-$D$568) -> -0.16949557 | K404: ='RAD Data'!B1065 -> 220.79699 | L404: =K404-$K$568 -> -0.87346492 | M404: =(K404-$K$568)/($K$569-$K$568) -> -0.12252754
A405: 1084 | B405: 404 | C405: ='Annual Temp at Depth'!E1066 -> 216.804 | D405: ='Annual Temp at Depth'!H1066 -> 217.51748 | E405: =D405-C405 -> 0.7134819 | F405: =C405-$C$568 -> -1.1586496 | G405: =D405-$D$568 -> -1.0652961 | H405: =(D405-$D$568)/($D$569-$D$568) -> -0.15357332 | K405: ='RAD Data'!B1066 -> 221.86864 | L405: =K405-$K$568 -> 0.19818621 | M405: =(K405-$K$568)/($K$569-$K$568) -> 0.027801081
A406: 1085 | B406: 405 | C406: ='Annual Temp at Depth'!E1067 -> 216.916 | D406: ='Annual Temp at Depth'!H1067 -> 217.62791 | E406: =D406-C406 -> 0.7119057 | F406: =C406-$C$568 -> -1.0466496 | G406: =D406-$D$568 -> -0.95487233 | H406: =(D406-$D$568)/($D$569-$D$568) -> -0.1376546 | K406: ='RAD Data'!B1067 -> 222.94022 | L406: =K406-$K$568 -> 1.269764 | M406: =(K406-$K$568)/($K$569-$K$568) -> 0.17811942
A407: 1086 | B407: 406 | C407: ='Annual Temp at Depth'!E1068 -> 217.077 | D407: ='Annual Temp at Depth'!H1068 -> 217.7873 | E407: =D407-C407 -> 0.71030489 | F407: =C407-$C$568 -> -0.88564956 | G407: =D407-$D$568 -> -0.79547313 | H407: =(D407-$D$568)/($D$569-$D$568) -> -0.11467558 | K407: ='RAD Data'!B1068 -> 222.92334 | L407: =K407-$K$568 -> 1.2528911 | M407: =(K407-$K$568)/($K$569-$K$568) -> 0.17575253
A408: 1087 | B408: 407 | C408: ='Annual Temp at Depth'!E1069 -> 217.239 | D408: ='Annual Temp at Depth'!H1069 -> 217.94768 | E408: =D408-C408 -> 0.70867936 | F408: =C408-$C$568 -> -0.72364956 | G408: =D408-$D$568 -> -0.63509866 | H408: =(D408-$D$568)/($D$569-$D$568) -> -0.09155596 | K408: ='RAD Data'!B1069 -> 222.77727 | L408: =K408-$K$568 -> 1.1068152 | M408: =(K408-$K$568)/($K$569-$K$568) -> 0.15526135
A409: 1088 | B409: 408 | C409: ='Annual Temp at Depth'!E1070 -> 217.4 | D409: ='Annual Temp at Depth'!H1070 -> 218.10703 | E409: =D409-C409 -> 0.707029 | F409: =C409-$C$568 -> -0.56264956 | G409: =D409-$D$568 -> -0.47574902 | H409: =(D409-$D$568)/($D$569-$D$568) -> -0.068584082 | K409: ='RAD Data'!B1070 -> 222.63119 | L409: =K409-$K$568 -> 0.96073931 | M409: =(K409-$K$568)/($K$569-$K$568) -> 0.13477018
A410: 1089 | B410: 409 | C410: ='Annual Temp at Depth'!E1071 -> 217.562 | D410: ='Annual Temp at Depth'!H1071 -> 218.26735 | E410: =D410-C410 -> 0.70535369 | F410: =C410-$C$568 -> -0.40064956 | G410: =D410-$D$568 -> -0.31542434 | H410: =(D410-$D$568)/($D$569-$D$568) -> -0.04547164 | J410: 222.715 | K410: ='RAD Data'!B1071 -> 222.48512 | L410: =K410-$K$568 -> 0.8146634 | M410: =(K410-$K$568)/($K$569-$K$568) -> 0.114279
A411: 1090 | B411: 410 | C411: ='Annual Temp at Depth'!E1072 -> 217.723 | D411: ='Annual Temp at Depth'!H1072 -> 218.42665 | E411: =D411-C411 -> 0.7036533 | F411: =C411-$C$568 -> -0.23964956 | G411: =D411-$D$568 -> -0.15612472 | H411: =(D411-$D$568)/($D$569-$D$568) -> -0.022506973 | J411: 223.01 | K411: ='RAD Data'!B1072 -> 222.63904 | L411: =K411-$K$568 -> 0.96858451 | M411: =(K411-$K$568)/($K$569-$K$568) -> 0.13587068
A412: 1091 | B412: 411 | C412: ='Annual Temp at Depth'!E1073 -> 217.865 | D412: ='Annual Temp at Depth'!H1073 -> 218.56693 | E412: =D412-C412 -> 0.70192774 | F412: =C412-$C$568 -> -0.097649558 | G412: =D412-$D$568 -> -0.015850287 | H412: =(D412-$D$568)/($D$569-$D$568) -> -0.0022849809 | J412: 223.395 | K412: ='RAD Data'!B1073 -> 222.75768 | L412: =K412-$K$568 -> 1.087224 | M412: =(K412-$K$568)/($K$569-$K$568) -> 0.15251315
A413: 1092 | B413: 412 | C413: ='Annual Temp at Depth'!E1074 -> 218.006 | D413: ='Annual Temp at Depth'!H1074 -> 218.70618 | E413: =D413-C413 -> 0.70017686 | F413: =C413-$C$568 -> 0.043350442 | G413: =D413-$D$568 -> 0.12339884 | H413: =(D413-$D$568)/($D$569-$D$568) -> 0.017789204 | K413: ='RAD Data'!B1074 -> 223.53009 | L413: =K413-$K$568 -> 1.8596386 | M413: =(K413-$K$568)/($K$569-$K$568) -> 0.26086558
A414: 1093 | B414: 413 | C414: ='Annual Temp at Depth'!E1075 -> 218.148 | D414: ='Annual Temp at Depth'!H1075 -> 218.8464 | E414: =D414-C414 -> 0.69840057 | F414: =C414-$C$568 -> 0.18535044 | G414: =D414-$D$568 -> 0.26362255 | H414: =(D414-$D$568)/($D$569-$D$568) -> 0.038003884 | K414: ='RAD Data'!B1075 -> 223.50624 | L414: =K414-$K$568 -> 1.8357896 | M414: =(K414-$K$568)/($K$569-$K$568) -> 0.2575201
A415: 1094 | B415: 414 | C415: ='Annual Temp at Depth'!E1076 -> 218.201 | D415: ='Annual Temp at Depth'!H1076 -> 218.8976 | E415: =D415-C415 -> 0.69659875 | F415: =C415-$C$568 -> 0.23835044 | G415: =D415-$D$568 -> 0.31482072 | H415: =(D415-$D$568)/($D$569-$D$568) -> 0.045384624 | K415: ='RAD Data'!B1076 -> 223.97841 | L415: =K415-$K$568 -> 2.3079593 | M415: =(K415-$K$568)/($K$569-$K$568) -> 0.32375493
A416: 1095 | B416: 415 | C416: ='Annual Temp at Depth'!E1077 -> 218.254 | D416: ='Annual Temp at Depth'!H1077 -> 218.94877 | E416: =D416-C416 -> 0.69477127 | F416: =C416-$C$568 -> 0.29135044 | G416: =D416-$D$568 -> 0.36599325 | H416: =(D416-$D$568)/($D$569-$D$568) -> 0.052761665 | K416: ='RAD Data'!B1077 -> 223.7577 | L416: =K416-$K$568 -> 2.0872478 | M416: =(K416-$K$568)/($K$569-$K$568) -> 0.29279405
A417: 1096 | B417: 416 | C417: ='Annual Temp at Depth'!E1078 -> 218.307 | D417: ='Annual Temp at Depth'!H1078 -> 218.99992 | E417: =D417-C417 -> 0.69291802 | F417: =C417-$C$568 -> 0.34435044 | G417: =D417-$D$568 -> 0.41714 | H417: =(D417-$D$568)/($D$569-$D$568) -> 0.060134992 | K417: ='RAD Data'!B1078 -> 223.53699 | L417: =K417-$K$568 -> 1.8665362 | M417: =(K417-$K$568)/($K$569-$K$568) -> 0.26183317
A418: 1097 | B418: 417 | C418: ='Annual Temp at Depth'!E1079 -> 218.36 | D418: ='Annual Temp at Depth'!H1079 -> 219.05104 | E418: =D418-C418 -> 0.69103889 | F418: =C418-$C$568 -> 0.39735044 | G418: =D418-$D$568 -> 0.46826086 | H418: =(D418-$D$568)/($D$569-$D$568) -> 0.067504587 | K418: ='RAD Data'!B1079 -> 223.51959 | L418: =K418-$K$568 -> 1.8491394 | M418: =(K418-$K$568)/($K$569-$K$568) -> 0.25939279
...

Sheet 2nd year FFT
A1: Sol since sol 600 | B1: Mole Temp re-calibrated | C1: RAD Surface Temperature | D1: 512 data points time | E1: 512 data points Mole T | F1: 512 data points RAD | G1: Scaled Mole T | H1: Scaled RAD T | I1: Period | J1: Frequency [1/sol] | K1: FFT Mole | L1: Amplitude | M1: Phase | N1: 2 log Amp | O1: FFT RAD | P1: Amplitude | Q1: Phase | R1: 2 log Amp | S1: Amplitude ratio | T1: Phasediff [sol] rad
A2: 1 | B2: 0 | C2: 0 | D2: =AVERAGE(OFFSET(A$2,(ROW(A2)-1)*1.34,,1.34)) -> 2 | E2: =AVERAGE(OFFSET(B$2,(ROW(B2)-1)*1.34,,1.34)) -> 0 | F2: =AVERAGE(OFFSET(C$2,(ROW(C2)-1)*1.34,,1.34)) -> 0 | G2: 0 | H2: 0 | I2: DC | J2: 0 | K2: 0 | L2: =2*IMABS(K2)/512 -> 0 | M2: =ATAN2(IMREAL(K2),IMAGINARY(K2)) -> #DIV/0! | N2: =2*LOG10(L2) -> #NUM! | O2: 0 | P2: =IMABS(O2)/512 -> 0
A3: 2 | B3: 0 | C3: 0 | D3: =AVERAGE(OFFSET(A$2,(ROW(A3)-1)*1.34,,1.34)) -> 3 | E3: =AVERAGE(OFFSET(B$2,(ROW(B3)-1)*1.34,,1.34)) -> 0 | F3: =AVERAGE(OFFSET(C$2,(ROW(C3)-1)*1.34,,1.34)) -> 0 | G3: 0 | H3: 0 | I3: =668.59/A2 -> 668.59 | J3: =1/I3 -> 0.0014956849 | K3: 83,167344+79,548673i | L3: =2*IMABS(K3)/512 -> 0.44955488 | M3: =ATAN2(IMREAL(K3),IMAGINARY(K3)) -> 0.76316265 | N3: =2*LOG10(L3) -> -0.69443458 | O3: 76,427160+109,060118i | P3: =2*IMABS(O3)/512 -> 0.52020956 | Q3: =ATAN2(IMREAL(O3),IMAGINARY(O3)) -> 0.959547 | R3: =2*LOG10(P3) -> -0.56764335 | S3: =L3*$E$519/P3/$F$519 -> 0.72406983 | T3: =(Q3-M3)/2/PI()*668.59 -> 20.897142
A4: 3 | B4: 0 | C4: 0 | D4: =AVERAGE(OFFSET(A$2,(ROW(A4)-1)*1.34,,1.34)) -> 5 | E4: =AVERAGE(OFFSET(B$2,(ROW(B4)-1)*1.34,,1.34)) -> 0 | F4: =AVERAGE(OFFSET(C$2,(ROW(C4)-1)*1.34,,1.34)) -> 0 | G4: 0 | H4: 0 | I4: =668.59/A3 -> 334.295 | J4: =1/I4 -> 0.0029913699 | K4: -100,794284-28,790579i | L4: =2*IMABS(K4)/512 -> 0.4094746 | M4: =ATAN2(IMREAL(K4),IMAGINARY(K4)) -> -2.8633644 | N4: =2*LOG10(L4) -> -0.77554606 | O4: -92,571968-46,849968i | P4: =2*IMABS(O4)/512 -> 0.40528146 | Q4: =ATAN2(IMREAL(O4),IMAGINARY(O4)) -> -2.673083 | R4: =2*LOG10(P4) -> -0.78448652 | S4: =L4*$E$519/P4/$F$519 -> 0.84653768 | T4: =Q3-M3 -> 0.19638435
A5: 4 | B5: 0 | C5: 0 | D5: =AVERAGE(OFFSET(A$2,(ROW(A5)-1)*1.34,,1.34)) -> 6 | E5: =AVERAGE(OFFSET(B$2,(ROW(B5)-1)*1.34,,1.34)) -> 0 | F5: =AVERAGE(OFFSET(C$2,(ROW(C5)-1)*1.34,,1.34)) -> 0 | G5: 0 | H5: 0 | I5: =668.59/A4 -> 222.86333 | J5: =1/I5 -> 0.0044870548 | K5: -18,382752-16,030077i | L5: =2*IMABS(K5)/512 -> 0.095274786 | M5: =ATAN2(IMREAL(K5),IMAGINARY(K5)) -> -2.4244545 | N5: =2*LOG10(L5) -> -2.042044 | O5: -16,052580-20,957309i | P5: =2*IMABS(O5)/512 -> 0.10312013 | Q5: =ATAN2(IMREAL(O5),IMAGINARY(O5)) -> -2.2244374 | R5: =2*LOG10(P5) -> -1.9733131 | S5: =L5*$E$519/P5/$F$519 -> 0.77412414 | T5: =20/668.59*2*PI() -> 0.18795331
A6: 5 | B6: 0 | C6: 0 | D6: =AVERAGE(OFFSET(A$2,(ROW(A6)-1)*1.34,,1.34)) -> 7 | E6: =AVERAGE(OFFSET(B$2,(ROW(B6)-1)*1.34,,1.34)) -> 0 | F6: =AVERAGE(OFFSET(C$2,(ROW(C6)-1)*1.34,,1.34)) -> 0 | G6: 0 | H6: 0 | I6: =668.59/A5 -> 167.1475 | J6: =1/I6 -> 0.0059827398 | K6: 19,172270-5,495489i | L6: =2*IMABS(K6)/512 -> 0.077907543 | M6: =ATAN2(IMREAL(K6),IMAGINARY(K6)) -> -0.27915287 | N6: =2*LOG10(L6) -> -2.216841 | O6: 17,273707-3,283189i | P6: =2*IMABS(O6)/512 -> 0.068683415 | Q6: =ATAN2(IMREAL(O6),IMAGINARY(O6)) -> -0.18782814 | R6: =2*LOG10(P6) -> -2.3262962 | S6: =L6*$E$519/P6/$F$519 -> 0.950394
A7: 6 | B7: 0 | C7: 0 | D7: =AVERAGE(OFFSET(A$2,(ROW(A7)-1)*1.34,,1.34)) -> 9 | E7: =AVERAGE(OFFSET(B$2,(ROW(B7)-1)*1.34,,1.34)) -> 0 | F7: =AVERAGE(OFFSET(C$2,(ROW(C7)-1)*1.34,,1.34)) -> 0 | G7: 0 | H7: 0 | I7: =668.59/A6 -> 133.718 | J7: =1/I7 -> 0.0074784247 | K7: 23,472041+4,012436i | L7: =2*IMABS(K7)/512 -> 0.093017676 | M7: =ATAN2(IMREAL(K7),IMAGINARY(K7)) -> 0.1693088 | N7: =2*LOG10(L7) -> -2.062869 | O7: 17,773934+10,519575i | P7: =2*IMABS(O7)/512 -> 0.080678408 | Q7: =ATAN2(IMREAL(O7),IMAGINARY(O7)) -> 0.53440831 | R7: =2*LOG10(P7) -> -2.1864854 | S7: =L7*$E$519/P7/$F$519 -> 0.9660158
A8: 7 | B8: 0 | C8: 0 | D8: =AVERAGE(OFFSET(A$2,(ROW(A8)-1)*1.34,,1.34)) -> 10 | E8: =AVERAGE(OFFSET(B$2,(ROW(B8)-1)*1.34,,1.34)) -> 0 | F8: =AVERAGE(OFFSET(C$2,(ROW(C8)-1)*1.34,,1.34)) -> 0 | G8: 0 | H8: 0 | I8: =668.59/A7 -> 111.43167 | J8: =1/I8 -> 0.0089741097 | K8: 7,465729+5,559640i | L8: =2*IMABS(K8)/512 -> 0.036361021 | M8: =ATAN2(IMREAL(K8),IMAGINARY(K8)) -> 0.64009286 | N8: =2*LOG10(L8) -> -2.8787279 | O8: 10,988790+3,930002i | P8: =2*IMABS(O8)/512 -> 0.045587531 | Q8: =ATAN2(IMREAL(O8),IMAGINARY(O8)) -> 0.34346245 | R8: =2*LOG10(P8) -> -2.6823079 | S8: =L8*$E$519/P8/$F$519 -> 0.66829168
A9: 8 | B9: 0 | C9: 0 | D9: =AVERAGE(OFFSET(A$2,(ROW(A9)-1)*1.34,,1.34)) -> 11 | E9: =AVERAGE(OFFSET(B$2,(ROW(B9)-1)*1.34,,1.34)) -> 0 | F9: =AVERAGE(OFFSET(C$2,(ROW(C9)-1)*1.34,,1.34)) -> 0 | G9: 0 | H9: 0 | I9: =668.59/A8 -> 95.512857 | J9: =1/I9 -> 0.010469795 | K9: -3,636172+4,432437i | L9: =2*IMABS(K9)/512 -> 0.022394857 | M9: =ATAN2(IMREAL(K9),IMAGINARY(K9)) -> 2.2578262 | N9: =2*LOG10(L9) -> -3.2997034 | O9: -2,042921+5,739391i | P9: =2*IMABS(O9)/512 -> 0.023797411 | Q9: =ATAN2(IMREAL(O9),IMAGINARY(O9)) -> 1.9127596 | R9: =2*LOG10(P9) -> -3.2469406 | S9: =L9*$E$519/P9/$F$519 -> 0.7884872
A10: 9 | B10: 0 | C10: 0 | D10: =AVERAGE(OFFSET(A$2,(ROW(A10)-1)*1.34,,1.34)) -> 13 | E10: =AVERAGE(OFFSET(B$2,(ROW(B10)-1)*1.34,,1.34)) -> 0 | F10: =AVERAGE(OFFSET(C$2,(ROW(C10)-1)*1.34,,1.34)) -> 0 | G10: 0 | H10: 0 | I10: =668.59/A9 -> 83.57375 | J10: =1/I10 -> 0.01196548 | K10: -9,698204+0,163904i | L10: =2*IMABS(K10)/512 -> 0.037889019 | M10: =ATAN2(IMREAL(K10),IMAGINARY(K10)) -> 3.1246938 | N10: =2*LOG10(L10) -> -2.8429733 | O10: -11,713322-6,256084i | P10: =2*IMABS(O10)/512 -> 0.051872367 | Q10: =ATAN2(IMREAL(O10),IMAGINARY(O10)) -> -2.6510387 | R10: =2*LOG10(P10) -> -2.5701279 | S10: =L10*$E$519/P10/$F$519 -> 0.61200273
A11: 10 | B11: 0 | C11: 0 | D11: =AVERAGE(OFFSET(A$2,(ROW(A11)-1)*1.34,,1.34)) -> 14 | E11: =AVERAGE(OFFSET(B$2,(ROW(B11)-1)*1.34,,1.34)) -> 0 | F11: =AVERAGE(OFFSET(C$2,(ROW(C11)-1)*1.34,,1.34)) -> 0 | G11: 0 | H11: 0 | I11: =668.59/A10 -> 74.287778 | J11: =1/I11 -> 0.013461165 | K11: -6,007461-0,441813i | L11: =2*IMABS(K11)/512 -> 0.023530021 | M11: =ATAN2(IMREAL(K11),IMAGINARY(K11)) -> -3.0681808 | N11: =2*LOG10(L11) -> -3.2567554 | O11: -5,803652-0,105562i | P11: =2*IMABS(O11)/512 -> 0.022674265 | Q11: =ATAN2(IMREAL(O11),IMAGINARY(O11)) -> -3.1234058 | R11: =2*LOG10(P11) -> -3.2889335 | S11: =L11*$E$519/P11/$F$519 -> 0.86949113
A12: 11 | B12: 0 | C12: 0 | D12: =AVERAGE(OFFSET(A$2,(ROW(A12)-1)*1.34,,1.34)) -> 15 | E12: =AVERAGE(OFFSET(B$2,(ROW(B12)-1)*1.34,,1.34)) -> 0 | F12: =AVERAGE(OFFSET(C$2,(ROW(C12)-1)*1.34,,1.34)) -> 0 | G12: 0 | H12: 0 | I12: =668.59/A11 -> 66.859 | J12: =1/I12 -> 0.014956849 | K12: -2,329812-8,502764i | L12: =2*IMABS(K12)/512 -> 0.034438201 | M12: =ATAN2(IMREAL(K12),IMAGINARY(K12)) -> -1.8382386 | N12: =2*LOG10(L12) -> -2.9259191 | O12: -1,027994-2,687901i | P12: =2*IMABS(O12)/512 -> 0.011241305 | Q12: =ATAN2(IMREAL(O12),IMAGINARY(O12)) -> -1.9360845 | R12: =2*LOG10(P12) -> -3.8983665 | S12: =L12*$E$519/P12/$F$519 -> 2.5668459
A13: 12 | B13: 0 | C13: 0 | D13: =AVERAGE(OFFSET(A$2,(ROW(A13)-1)*1.34,,1.34)) -> 17 | E13: =AVERAGE(OFFSET(B$2,(ROW(B13)-1)*1.34,,1.34)) -> 0 | F13: =AVERAGE(OFFSET(C$2,(ROW(C13)-1)*1.34,,1.34)) -> 0 | G13: 0 | H13: 0 | I13: =668.59/A12 -> 60.780909 | J13: =1/I13 -> 0.016452534 | K13: 2,631942-1,282586i | L13: =2*IMABS(K13)/512 -> 0.011436807 | M13: =ATAN2(IMREAL(K13),IMAGINARY(K13)) -> -0.45344857 | N13: =2*LOG10(L13) -> -3.8833904 | O13: 3,087510-2,103673i | P13: =2*IMABS(O13)/512 -> 0.014593992 | Q13: =ATAN2(IMREAL(O13),IMAGINARY(O13)) -> -0.59809879 | R13: =2*LOG10(P13) -> -3.6716518 | S13: =L13*$E$519/P13/$F$519 -> 0.65660892
A14: 13 | B14: 0 | C14: 0 | D14: =AVERAGE(OFFSET(A$2,(ROW(A14)-1)*1.34,,1.34)) -> 18 | E14: =AVERAGE(OFFSET(B$2,(ROW(B14)-1)*1.34,,1.34)) -> 0 | F14: =AVERAGE(OFFSET(C$2,(ROW(C14)-1)*1.34,,1.34)) -> 0 | G14: 0 | H14: 0 | I14: =668.59/A13 -> 55.715833 | J14: =1/I14 -> 0.017948219 | K14: 6,388310+5,435344i | L14: =2*IMABS(K14)/512 -> 0.032764443 | M14: =ATAN2(IMREAL(K14),IMAGINARY(K14)) -> 0.70497375 | N14: =2*LOG10(L14) -> -2.9691944 | O14: 4,092962+3,616992i | P14: =2*IMABS(O14)/512 -> 0.021336483 | Q14: =ATAN2(IMREAL(O14),IMAGINARY(O14)) -> 0.72374193 | R14: =2*LOG10(P14) -> -3.3417543
A15: 14 | B15: 0 | C15: 0 | D15: =AVERAGE(OFFSET(A$2,(ROW(A15)-1)*1.34,,1.34)) -> 19 | E15: =AVERAGE(OFFSET(B$2,(ROW(B15)-1)*1.34,,1.34)) -> 0 | F15: =AVERAGE(OFFSET(C$2,(ROW(C15)-1)*1.34,,1.34)) -> 0 | G15: 0 | H15: 0 | I15: =668.59/A14 -> 51.43 | J15: =1/I15 -> 0.019443904 | K15: 3,720827+2,437486i | L15: =2*IMABS(K15)/512 -> 0.017375521 | M15: =ATAN2(IMREAL(K15),IMAGINARY(K15)) -> 0.57994689 | N15: =2*LOG10(L15) -> -3.5201243 | O15: 2,958632+0,494487i | P15: =2*IMABS(O15)/512 -> 0.011717461 | Q15: =ATAN2(IMREAL(O15),IMAGINARY(O15)) -> 0.16560302 | R15: =2*LOG10(P15) -> -3.8623329
A16: 15 | B16: 0 | C16: 0 | D16: =AVERAGE(OFFSET(A$2,(ROW(A16)-1)*1.34,,1.34)) -> 21 | E16: =AVERAGE(OFFSET(B$2,(ROW(B16)-1)*1.34,,1.34)) -> 0 | F16: =AVERAGE(OFFSET(C$2,(ROW(C16)-1)*1.34,,1.34)) -> 0 | G16: 0 | H16: 0 | I16: =668.59/A15 -> 47.756429 | J16: =1/I16 -> 0.020939589 | K16: -0,572324-0,638130i | L16: =2*IMABS(K16)/512 -> 0.0033483756 | M16: =ATAN2(IMREAL(K16),IMAGINARY(K16)) -> -2.3018832 | N16: =2*LOG10(L16) -> -4.9503317 | O16: 3,320231+1,663904i | P16: =2*IMABS(O16)/512 -> 0.014507136 | Q16: =ATAN2(IMREAL(O16),IMAGINARY(O16)) -> 0.46456002 | R16: =2*LOG10(P16) -> -3.6768366
A17: 16 | B17: 0 | C17: 0 | D17: =AVERAGE(OFFSET(A$2,(ROW(A17)-1)*1.34,,1.34)) -> 22 | E17: =AVERAGE(OFFSET(B$2,(ROW(B17)-1)*1.34,,1.34)) -> 0 | F17: =AVERAGE(OFFSET(C$2,(ROW(C17)-1)*1.34,,1.34)) -> 0 | G17: 0 | H17: 0 | I17: =668.59/A16 -> 44.572667 | J17: =1/I17 -> 0.022435274 | K17: -2,344132+1,205234i | L17: =2*IMABS(K17)/512 -> 0.010296169 | M17: =ATAN2(IMREAL(K17),IMAGINARY(K17)) -> 2.6666897 | N17: =2*LOG10(L17) -> -3.9746486 | O17: -4,811169+1,433609i | P17: =2*IMABS(O17)/512 -> 0.019610224 | Q17: =ATAN2(IMREAL(O17),IMAGINARY(O17)) -> 2.8519945 | R17: =2*LOG10(P17) -> -3.4150349
A18: 17 | B18: 0 | C18: 0 | D18: =AVERAGE(OFFSET(A$2,(ROW(A18)-1)*1.34,,1.34)) -> 23 | E18: =AVERAGE(OFFSET(B$2,(ROW(B18)-1)*1.34,,1.34)) -> 0 | F18: =AVERAGE(OFFSET(C$2,(ROW(C18)-1)*1.34,,1.34)) -> 0 | G18: 0 | H18: 0 | I18: =668.59/A17 -> 41.786875 | J18: =1/I18 -> 0.023930959 | K18: -3,883386-2,053953i | L18: =2*IMABS(K18)/512 -> 0.017160583 | M18: =ATAN2(IMREAL(K18),IMAGINARY(K18)) -> -2.6550872 | N18: =2*LOG10(L18) -> -3.5309359 | O18: -4,757354-2,186235i | P18: =2*IMABS(O18)/512 -> 0.020451761 | Q18: =ATAN2(IMREAL(O18),IMAGINARY(O18)) -> -2.7108266 | R18: =2*LOG10(P18) -> -3.3785386
A19: 18 | B19: 0 | C19: 0 | D19: =AVERAGE(OFFSET(A$2,(ROW(A19)-1)*1.34,,1.34)) -> 25 | E19: =AVERAGE(OFFSET(B$2,(ROW(B19)-1)*1.34,,1.34)) -> 0 | F19: =AVERAGE(OFFSET(C$2,(ROW(C19)-1)*1.34,,1.34)) -> 0 | G19: 0 | H19: 0 | I19: =668.59/A18 -> 39.328824 | J19: =1/I19 -> 0.025426644 | K19: -4,146946-2,888152i | L19: =2*IMABS(K19)/512 -> 0.019740513 | M19: =ATAN2(IMREAL(K19),IMAGINARY(K19)) -> -2.5332514 | N19: =2*LOG10(L19) -> -3.4092831 | O19: -2,200850-3,782608i | P19: =2*IMABS(O19)/512 -> 0.01709486 | Q19: =ATAN2(IMREAL(O19),IMAGINARY(O19)) -> -2.0977514 | R19: =2*LOG10(P19) -> -3.5342689
A20: 19 | B20: 0 | C20: 0 | D20: =AVERAGE(OFFSET(A$2,(ROW(A20)-1)*1.34,,1.34)) -> 26 | E20: =AVERAGE(OFFSET(B$2,(ROW(B20)-1)*1.34,,1.34)) -> 0 | F20: =AVERAGE(OFFSET(C$2,(ROW(C20)-1)*1.34,,1.34)) -> 0 | G20: 0 | H20: 0 | I20: =668.59/A19 -> 37.143889 | J20: =1/I20 -> 0.026922329 | K20: 1,415720-0,314341i | L20: =2*IMABS(K20)/512 -> 0.0056648348 | M20: =ATAN2(IMREAL(K20),IMAGINARY(K20)) -> -0.21849161 | N20: =2*LOG10(L20) -> -4.4936255 | O20: 2,035679-0,584132i | P20: =2*IMABS(O20)/512 -> 0.0082727691 | Q20: =ATAN2(IMREAL(O20),IMAGINARY(O20)) -> -0.27943897 | R20: =2*LOG10(P20) -> -4.1646982
A21: 20 | B21: 0 | C21: 0 | D21: =AVERAGE(OFFSET(A$2,(ROW(A21)-1)*1.34,,1.34)) -> 27 | E21: =AVERAGE(OFFSET(B$2,(ROW(B21)-1)*1.34,,1.34)) -> 0 | F21: =AVERAGE(OFFSET(C$2,(ROW(C21)-1)*1.34,,1.34)) -> 0 | G21: 0 | H21: 0 | I21: =668.59/A20 -> 35.188947 | J21: =1/I21 -> 0.028418014 | K21: 5,628709+1,183069i | L21: =2*IMABS(K21)/512 -> 0.022467566 | M21: =ATAN2(IMREAL(K21),IMAGINARY(K21)) -> 0.20716917 | N21: =2*LOG10(L21) -> -3.2968879 | O21: 3,748365+2,227896i | P21: =2*IMABS(O21)/512 -> 0.017033114 | Q21: =ATAN2(IMREAL(O21),IMAGINARY(O21)) -> 0.53626563 | R21: =2*LOG10(P21) -> -3.5374119
A22: 21 | B22: 0 | C22: 0 | D22: =AVERAGE(OFFSET(A$2,(ROW(A22)-1)*1.34,,1.34)) -> 29 | E22: =AVERAGE(OFFSET(B$2,(ROW(B22)-1)*1.34,,1.34)) -> 0 | F22: =AVERAGE(OFFSET(C$2,(ROW(C22)-1)*1.34,,1.34)) -> 0 | G22: 0 | H22: 0 | I22: =668.59/A21 -> 33.4295 | J22: =1/I22 -> 0.029913699 | K22: 3,426447+2,203103i | L22: =2*IMABS(K22)/512 -> 0.015912493 | M22: =ATAN2(IMREAL(K22),IMAGINARY(K22)) -> 0.57141741 | N22: =2*LOG10(L22) -> -3.5965236 | O22: 2,632503+3,234738i | P22: =2*IMABS(O22)/512 -> 0.016291265 | Q22: =ATAN2(IMREAL(O22),IMAGINARY(O22)) -> 0.88768359 | R22: =2*LOG10(P22) -> -3.5760904
A23: 22 | B23: 0 | C23: 0 | D23: =AVERAGE(OFFSET(A$2,(ROW(A23)-1)*1.34,,1.34)) -> 30 | E23: =AVERAGE(OFFSET(B$2,(ROW(B23)-1)*1.34,,1.34)) -> 0 | F23: =AVERAGE(OFFSET(C$2,(ROW(C23)-1)*1.34,,1.34)) -> 0 | G23: 0 | H23: 0 | I23: =668.59/A22 -> 31.837619 | J23: =1/I23 -> 0.031409384 | K23: -1,411107+1,710625i | L23: =2*IMABS(K23)/512 -> 0.0086622455 | M23: =ATAN2(IMREAL(K23),IMAGINARY(K23)) -> 2.2605412 | N23: =2*LOG10(L23) -> -4.124739 | O23: 0,108978-0,305114i | P23: =2*IMABS(O23)/512 -> 0.0012655934 | Q23: =ATAN2(IMREAL(O23),IMAGINARY(O23)) -> -1.2277471 | R23: =2*LOG10(P23) -> -5.7954116
A24: 23 | B24: 0 | C24: 0 | D24: =AVERAGE(OFFSET(A$2,(ROW(A24)-1)*1.34,,1.34)) -> 31 | E24: =AVERAGE(OFFSET(B$2,(ROW(B24)-1)*1.34,,1.34)) -> 0 | F24: =AVERAGE(OFFSET(C$2,(ROW(C24)-1)*1.34,,1.34)) -> 0 | G24: 0 | H24: 0 | I24: =668.59/A23 -> 30.390455 | J24: =1/I24 -> 0.032905069 | K24: -2,319059-0,465410i | L24: =2*IMABS(K24)/512 -> 0.0092394507 | M24: =ATAN2(IMREAL(K24),IMAGINARY(K24)) -> -2.9435345 | N24: =2*LOG10(L24) -> -4.0687077 | O24: -2,079424-0,138794i | P24: =2*IMABS(O24)/512 -> 0.0081408236 | Q24: =ATAN2(IMREAL(O24),IMAGINARY(O24)) -> -3.0749451 | R24: =2*LOG10(P24) -> -4.1786633
A25: 24 | B25: 0 | C25: 0 | D25: =AVERAGE(OFFSET(A$2,(ROW(A25)-1)*1.34,,1.34)) -> 33 | E25: =AVERAGE(OFFSET(B$2,(ROW(B25)-1)*1.34,,1.34)) -> 0 | F25: =AVERAGE(OFFSET(C$2,(ROW(C25)-1)*1.34,,1.34)) -> 0 | G25: 0 | H25: 0 | I25: =668.59/A24 -> 29.06913 | J25: =1/I25 -> 0.034400754 | K25: -3,548025-1,606907i | L25: =2*IMABS(K25)/512 -> 0.015214646 | M25: =ATAN2(IMREAL(K25),IMAGINARY(K25)) -> -2.7163282 | N25: =2*LOG10(L25) -> -3.6354763 | O25: -3,351515-1,564718i | P25: =2*IMABS(O25)/512 -> 0.014448371 | Q25: =ATAN2(IMREAL(O25),IMAGINARY(O25)) -> -2.7047995 | R25: =2*LOG10(P25) -> -3.6803622
... A72: 71 | B72: 0 | C72: 0 | D72: =AVERAGE(OFFSET(A$2,(ROW(A72)-1)*1.34,,1.34)) -> 96 | E72: =AVERAGE(OFFSET(B$2,(ROW(B72)-1)*1.34,,1.34)) -> 0 | F72: =AVERAGE(OFFSET(C$2,(ROW(C72)-1)*1.34,,1.34)) -> 0 | G72: 0 | H72: 0 | I72: =668.59/A71 -> 9.5512857 | J72: =1/I72 -> 0.10469795 | K72: -0,307425+0,877493i | L72: =2*IMABS(K72)/512 -> 0.003631981 | M72: =ATAN2(IMREAL(K72),IMAGINARY(K72)) -> 1.9077782 | N72: =2*LOG10(L72) -> -4.8797129 | O72: -0,626167+0,256645i | P72: =2*IMABS(O72)/512 -> 0.0026434427 | Q72: =ATAN2(IMREAL(O72),IMAGINARY(O72)) -> 2.7526095 | R72: =2*LOG10(P72) -> -5.1556602
A73: 72 | B73: 0 | C73: 0 | D73: =AVERAGE(OFFSET(A$2,(ROW(A73)-1)*1.34,,1.34)) -> 97 | E73: =AVERAGE(OFFSET(B$2,(ROW(B116)-1)*1.34,,1.34)) -> 220.11 | F73: =AVERAGE(OFFSET(C$2,(ROW(C116)-1)*1.34,,1.34)) -> 234.661 | G73: =(E73-$E$515)/$E$519 -> 0.33565021 | H73: =(F73-$F$515)/$F$519 -> 0.34441993 | I73: =668.59/A72 -> 9.4167606 | J73: =1/I73 -> 0.10619363 | K73: -0,493042-0,787331i | L73: =2*IMABS(K73)/512 -> 0.0036287791 | M73: =ATAN2(IMREAL(K73),IMAGINARY(K73)) -> -2.1302721 | N73: =2*LOG10(L73) -> -4.8804789 | O73: 0,054066-0,501293i | P73: =2*IMABS(O73)/512 -> 0.0019695319 | Q73: =ATAN2(IMREAL(O73),IMAGINARY(O73)) -> -1.4633585 | R73: =2*LOG10(P73) -> -5.411274
A74: 73 | B74: 0 | C74: 0 | D74: =AVERAGE(OFFSET(A$2,(ROW(A74)-1)*1.34,,1.34)) -> 98 | E74: =AVERAGE(OFFSET(B$2,(ROW(B117)-1)*1.34,,1.34)) -> 220.081 | F74: =AVERAGE(OFFSET(C$2,(ROW(C117)-1)*1.34,,1.34)) -> 234.5975 | G74: =(E74-$E$515)/$E$519 -> 0.3318599 | H74: =(F74-$F$515)/$F$519 -> 0.33746606 | I74: =668.59/A73 -> 9.2859722 | J74: =1/I74 -> 0.10768932 | K74: 0,097287-1,471815i | L74: =2*IMABS(K74)/512 -> 0.0057618236 | M74: =ATAN2(IMREAL(K74),IMAGINARY(K74)) -> -1.5047923 | N74: =2*LOG10(L74) -> -4.4788801 | O74: 0,038871-0,649703i | P74: =2*IMABS(O74)/512 -> 0.0025424405 | Q74: =ATAN2(IMREAL(O74),IMAGINARY(O74)) -> -1.5110387 | R74: =2*LOG10(P74) -> -5.1894984
A75: 74 | B75: 0 | C75: 0 | D75: =AVERAGE(OFFSET(A$2,(ROW(A75)-1)*1.34,,1.34)) -> 100 | E75: =AVERAGE(OFFSET(B$2,(ROW(B118)-1)*1.34,,1.34)) -> 220.065 | F75: =AVERAGE(OFFSET(C$2,(ROW(C118)-1)*1.34,,1.34)) -> 234.565 | G75: =(E75-$E$515)/$E$519 -> 0.32976869 | H75: =(F75-$F$515)/$F$519 -> 0.33390699 | I75: =668.59/A74 -> 9.1587671 | J75: =1/I75 -> 0.109185 | K75: 0,430954-0,569239i | L75: =2*IMABS(K75)/512 -> 0.0027889487 | M75: =ATAN2(IMREAL(K75),IMAGINARY(K75)) -> -0.92278549 | N75: =2*LOG10(L75) -> -5.109119 | O75: 0,193017-1,236245i | P75: =2*IMABS(O75)/512 -> 0.0048875871 | Q75: =ATAN2(IMREAL(O75),IMAGINARY(O75)) -> -1.4159151 | R75: =2*LOG10(P75) -> -4.621811
A76: 75 | B76: 0 | C76: 0 | D76: =AVERAGE(OFFSET(A$2,(ROW(A76)-1)*1.34,,1.34)) -> 101 | E76: =AVERAGE(OFFSET(B$2,(ROW(B119)-1)*1.34,,1.34)) -> 220.034 | F76: =AVERAGE(OFFSET(C$2,(ROW(C119)-1)*1.34,,1.34)) -> 234.4995 | G76: =(E76-$E$515)/$E$519 -> 0.32571698 | H76: =(F76-$F$515)/$F$519 -> 0.3267341 | I76: =668.59/A75 -> 9.035 | J76: =1/I76 -> 0.11068069 | K76: 0,514194+0,077340i | L76: =2*IMABS(K76)/512 -> 0.0020311634 | M76: =ATAN2(IMREAL(K76),IMAGINARY(K76)) -> 0.14929105 | N76: =2*LOG10(L76) -> -5.3845103 | O76: 0,624862-0,057164i | P76: =2*IMABS(O76)/512 -> 0.0024510598 | Q76: =ATAN2(IMREAL(O76),IMAGINARY(O76)) -> -0.091228665 | R76: =2*LOG10(P76) -> -5.2212922
A77: 76 | B77: 0 | C77: 0 | D77: =AVERAGE(OFFSET(A$2,(ROW(A77)-1)*1.34,,1.34)) -> 102 | E77: =AVERAGE(OFFSET(B$2,(ROW(B120)-1)*1.34,,1.34)) -> 220.018 | F77: =AVERAGE(OFFSET(C$2,(ROW(C120)-1)*1.34,,1.34)) -> 234.467 | G77: =(E77-$E$515)/$E$519 -> 0.32362578 | H77: =(F77-$F$515)/$F$519 -> 0.32317504 | I77: =668.59/A76 -> 8.9145333 | J77: =1/I77 -> 0.11217637 | K77: 0,062761+0,838191i | L77: =2*IMABS(K77)/512 -> 0.0032833492 | M77: =ATAN2(IMREAL(K77),IMAGINARY(K77)) -> 1.4960591 | N77: =2*LOG10(L77) -> -4.9673659 | O77: -0,133118+0,980640i | P77: =2*IMABS(O77)/512 -> 0.0038657573 | Q77: =ATAN2(IMREAL(O77),IMAGINARY(O77)) -> 1.7057177 | R77: =2*LOG10(P77) -> -4.8255308
A78: 77 | B78: 0 | C78: 0 | D78: =AVERAGE(OFFSET(A$2,(ROW(A78)-1)*1.34,,1.34)) -> 104 | E78: =AVERAGE(OFFSET(B$2,(ROW(B121)-1)*1.34,,1.34)) -> 220.003 | F78: =AVERAGE(OFFSET(C$2,(ROW(C121)-1)*1.34,,1.34)) -> 234.4345 | G78: =(E78-$E$515)/$E$519 -> 0.32166527 | H78: =(F78-$F$515)/$F$519 -> 0.31961597 | I78: =668.59/A77 -> 8.7972368 | J78: =1/I78 -> 0.11367206 | K78: -0,491393+0,826896i | L78: =2*IMABS(K78)/512 -> 0.003757366 | M78: =ATAN2(IMREAL(K78),IMAGINARY(K78)) -> 2.1069861 | N78: =2*LOG10(L78) -> -4.850233 | O78: -0,321800+0,693550i | P78: =2*IMABS(O78)/512 -> 0.0029866004 | Q78: =ATAN2(IMREAL(O78),IMAGINARY(O78)) -> 2.0052229 | R78: =2*LOG10(P78) -> -5.0496458
A79: 78 | B79: 0 | C79: 0 | D79: =AVERAGE(OFFSET(A$2,(ROW(A79)-1)*1.34,,1.34)) -> 105 | E79: =AVERAGE(OFFSET(B$2,(ROW(B122)-1)*1.34,,1.34)) -> 219.971 | F79: =AVERAGE(OFFSET(C$2,(ROW(C122)-1)*1.34,,1.34)) -> 234.369 | G79: =(E79-$E$515)/$E$519 -> 0.31748286 | H79: =(F79-$F$515)/$F$519 -> 0.31244308 | I79: =668.59/A78 -> 8.682987 | J79: =1/I79 -> 0.11516774 | K79: -0,305065+0,441812i | L79: =2*IMABS(K79)/512 -> 0.0020972689 | M79: =ATAN2(IMREAL(K79),IMAGINARY(K79)) -> 2.1751085 | N79: =2*LOG10(L79) -> -5.3566918 | O79: -0,264353+0,827558i | P79: =2*IMABS(O79)/512 -> 0.0033935731 | Q79: =ATAN2(IMREAL(O79),IMAGINARY(O79)) -> 1.8799889 | R79: =2*LOG10(P79) -> -4.9386856
A80: 79 | B80: 0 | C80: 0 | D80: =AVERAGE(OFFSET(A$2,(ROW(A80)-1)*1.34,,1.34)) -> 106 | E80: =AVERAGE(OFFSET(B$2,(ROW(B123)-1)*1.34,,1.34)) -> 219.955 | F80: =AVERAGE(OFFSET(C$2,(ROW(C123)-1)*1.34,,1.34)) -> 234.336 | G80: =(E80-$E$515)/$E$519 -> 0.31539166 | H80: =(F80-$F$515)/$F$519 -> 0.30882926 | I80: =668.59/A79 -> 8.5716667 | J80: =1/I80 -> 0.11666343 | K80: -0,390362-0,227212i | L80: =2*IMABS(K80)/512 -> 0.0017643446 | M80: =ATAN2(IMREAL(K80),IMAGINARY(K80)) -> -2.6144728 | N80: =2*LOG10(L80) -> -5.5068332 | O80: -0,568245-0,311688i | P80: =2*IMABS(O80)/512 -> 0.0025316954 | Q80: =ATAN2(IMREAL(O80),IMAGINARY(O80)) -> -2.6398942 | R80: =2*LOG10(P80) -> -5.1931771
A81: 80 | B81: 0 | C81: 0 | D81: =AVERAGE(OFFSET(A$2,(ROW(A81)-1)*1.34,,1.34)) -> 108 | E81: =AVERAGE(OFFSET(B$2,(ROW(B124)-1)*1.34,,1.34)) -> 219.94 | F81: =AVERAGE(OFFSET(C$2,(ROW(C124)-1)*1.34,,1.34)) -> 234.3035 | G81: =(E81-$E$515)/$E$519 -> 0.31343115 | H81: =(F81-$F$515)/$F$519 -> 0.30527019 | I81: =668.59/A80 -> 8.4631646 | J81: =1/I81 -> 0.11815911 | K81: 0,130756-0,928477i | L81: =2*IMABS(K81)/512 -> 0.0036626519 | M81: =ATAN2(IMREAL(K81),IMAGINARY(K81)) -> -1.4308879 | N81: =2*LOG10(L81) -> -4.8724087 | O81: 0,456220-1,374274i | P81: =2*IMABS(O81)/512 -> 0.0056563332 | Q81: =ATAN2(IMREAL(O81),IMAGINARY(O81)) -> -1.2502718 | R81: =2*LOG10(P81) -> -4.49493
A82: 81 | B82: 0 | C82: 0 | D82: =AVERAGE(OFFSET(A$2,(ROW(A82)-1)*1.34,,1.34)) -> 109 | E82: =AVERAGE(OFFSET(B$2,(ROW(B125)-1)*1.34,,1.34)) -> 219.908 | F82: =AVERAGE(OFFSET(C$2,(ROW(C125)-1)*1.34,,1.34)) -> 234.2385 | G82: =(E82-$E$515)/$E$519 -> 0.30924874 | H82: =(F82-$F$515)/$F$519 -> 0.29815206 | I82: =668.59/A81 -> 8.357375 | J82: =1/I82 -> 0.1196548 | K82: 0,704123-0,740050i | L82: =2*IMABS(K82)/512 -> 0.0039902362 | M82: =ATAN2(IMREAL(K82),IMAGINARY(K82)) -> -0.81027025 | N82: =2*LOG10(L82) -> -4.7980028 | O82: 0,627877-0,406763i | P82: =2*IMABS(O82)/512 -> 0.0029223493 | Q82: =ATAN2(IMREAL(O82),IMAGINARY(O82)) -> -0.57485433 | R82: =2*LOG10(P82) -> -5.0685357
A83: 82 | B83: 0 | C83: 0 | D83: =AVERAGE(OFFSET(A$2,(ROW(A83)-1)*1.34,,1.34)) -> 110 | E83: =AVERAGE(OFFSET(B$2,(ROW(B126)-1)*1.34,,1.34)) -> 219.893 | F83: =AVERAGE(OFFSET(C$2,(ROW(C126)-1)*1.34,,1.34)) -> 234.206 | G83: =(E83-$E$515)/$E$519 -> 0.30728824 | H83: =(F83-$F$515)/$F$519 -> 0.29459299 | I83: =668.59/A82 -> 8.2541975 | J83: =1/I83 -> 0.12115048 | K83: 0,428978-0,332420i | L83: =2*IMABS(K83)/512 -> 0.0021199287 | M83: =ATAN2(IMREAL(K83),IMAGINARY(K83)) -> -0.6592548 | N83: =2*LOG10(L83) -> -5.3473575 | O83: 0,032032-0,236823i | P83: =2*IMABS(O83)/512 -> 0.00093351352 | Q83: =ATAN2(IMREAL(O83),IMAGINARY(O83)) -> -1.4363551 | R83: =2*LOG10(P83) -> -6.0597588
A84: 83 | B84: 0 | C84: 0 | D84: =AVERAGE(OFFSET(A$2,(ROW(A84)-1)*1.34,,1.34)) -> 112 | E84: =AVERAGE(OFFSET(B$2,(ROW(B127)-1)*1.34,,1.34)) -> 219.877 | F84: =AVERAGE(OFFSET(C$2,(ROW(C127)-1)*1.34,,1.34)) -> 234.173 | G84: =(E84-$E$515)/$E$519 -> 0.30519703 | H84: =(F84-$F$515)/$F$519 -> 0.29097917 | I84: =668.59/A83 -> 8.1535366 | J84: =1/I84 -> 0.12264617 | K84: -0,002832+0,653024i | L84: =2*IMABS(K84)/512 -> 0.002550899 | M84: =ATAN2(IMREAL(K84),IMAGINARY(K84)) -> 1.575133 | N84: =2*LOG10(L84) -> -5.1866135 | O84: 0,368642+0,572028i | P84: =2*IMABS(O84)/512 -> 0.002658297 | Q84: =ATAN2(IMREAL(O84),IMAGINARY(O84)) -> 0.99833437 | R84: =2*LOG10(P84) -> -5.150793
... A257: 256 | B257: 215.784 | C257: 228.524 | D257: =AVERAGE(OFFSET(A$2,(ROW(A257)-1)*1.34,,1.34)) -> 344 | E257: =AVERAGE(OFFSET(B$2,(ROW(B300)-1)*1.34,,1.34)) -> 212.595 | F257: =AVERAGE(OFFSET(C$2,(ROW(C300)-1)*1.34,,1.34)) -> 226.129 | G257: =(E257-$E$515)/$E$519 -> -0.64656279 | H257: =(F257-$F$515)/$F$519 -> -0.5899172 | I257: =668.59/A256 -> 2.6219216 | J257: =1/I257 -> 0.38139966 | K257: -0,368661+0,175429i | L257: =2*IMABS(K257)/512 -> 0.0015948137 | M257: =ATAN2(IMREAL(K257),IMAGINARY(K257)) -> 2.6974473 | N257: =2*LOG10(L257) -> -5.5945801 | O257: -0,429503-0,013748i | P257: =2*IMABS(O257)/512 -> 0.0016786054 | Q257: =ATAN2(IMREAL(O257),IMAGINARY(O257)) -> -3.1095945 | R257: =2*LOG10(P257) -> -5.5501028
A258: 257 | B258: 215.753 | C258: 228.486 | D258: =AVERAGE(OFFSET(A$2,(ROW(A258)-1)*1.34,,1.34)) -> 345 | E258: =AVERAGE(OFFSET(B$2,(ROW(B301)-1)*1.34,,1.34)) -> 212.691 | F258: =AVERAGE(OFFSET(C$2,(ROW(C301)-1)*1.34,,1.34)) -> 226.293 | G258: =(E258-$E$515)/$E$519 -> -0.63401556 | H258: =(F258-$F$515)/$F$519 -> -0.5719576 | I258: =668.59/A257 -> 2.6116797 | J258: =1/I258 -> 0.38289535 | K258: -0.61182 | L258: =2*IMABS(K258)/512 -> 0.0023899219 | M258: =ATAN2(IMREAL(K258),IMAGINARY(K258)) -> 3.1415927 | O258: -0,331443 | P258: =2*IMABS(O258)/512 -> 0.0012946992 | Q258: =ATAN2(IMREAL(O258),IMAGINARY(O258)) -> 3.1415927 | R258: =2*LOG10(P258) -> -5.7756622
A259: 258 | B259: 215.721 | C259: 228.448 | D259: =AVERAGE(OFFSET(A$2,(ROW(A259)-1)*1.34,,1.34)) -> 346 | E259: =AVERAGE(OFFSET(B$2,(ROW(B302)-1)*1.34,,1.34)) -> 212.74 | F259: =AVERAGE(OFFSET(C$2,(ROW(C302)-1)*1.34,,1.34)) -> 226.375 | G259: =(E259-$E$515)/$E$519 -> -0.62761125 | H259: =(F259-$F$515)/$F$519 -> -0.5629778 | K259: -0,368661-0,175429i | O259: -0,429503+0,013748i
A260: 259 | B260: 215.69 | C260: 228.41 | D260: =AVERAGE(OFFSET(A$2,(ROW(A260)-1)*1.34,,1.34)) -> 348 | E260: =AVERAGE(OFFSET(B$2,(ROW(B303)-1)*1.34,,1.34)) -> 212.788 | F260: =AVERAGE(OFFSET(C$2,(ROW(C303)-1)*1.34,,1.34)) -> 226.4565 | G260: =(E260-$E$515)/$E$519 -> -0.62133763 | H260: =(F260-$F$515)/$F$519 -> -0.55405276 | K260: 0,224527-0,226287i | O260: 0,103982-0,324060i
A261: 260 | B261: 215.658 | C261: 228.3715 | D261: =AVERAGE(OFFSET(A$2,(ROW(A261)-1)*1.34,,1.34)) -> 349 | E261: =AVERAGE(OFFSET(B$2,(ROW(B304)-1)*1.34,,1.34)) -> 212.884 | F261: =AVERAGE(OFFSET(C$2,(ROW(C304)-1)*1.34,,1.34)) -> 226.6205 | G261: =(E261-$E$515)/$E$519 -> -0.6087904 | H261: =(F261-$F$515)/$F$519 -> -0.53609316 | K261: 0,533783+0,004085i | O261: 0,560778+0,060438i
A262: 261 | B262: 215.627 | C262: 228.3335 | D262: =AVERAGE(OFFSET(A$2,(ROW(A262)-1)*1.34,,1.34)) -> 350 | E262: =AVERAGE(OFFSET(B$2,(ROW(B305)-1)*1.34,,1.34)) -> 212.933 | F262: =AVERAGE(OFFSET(C$2,(ROW(C305)-1)*1.34,,1.34)) -> 226.702 | G262: =(E262-$E$515)/$E$519 -> -0.60238608 | H262: =(F262-$F$515)/$F$519 -> -0.52716811 | K262: 0,405688+0,170727i | O262: 0,324188+0,148064i
A263: 262 | B263: 215.595 | C263: 228.2955 | D263: =AVERAGE(OFFSET(A$2,(ROW(A263)-1)*1.34,,1.34)) -> 352 | E263: =AVERAGE(OFFSET(B$2,(ROW(B306)-1)*1.34,,1.34)) -> 212.981 | F263: =AVERAGE(OFFSET(C$2,(ROW(C306)-1)*1.34,,1.34)) -> 226.7845 | G263: =(E263-$E$515)/$E$519 -> -0.59611247 | H263: =(F263-$F$515)/$F$519 -> -0.51813356 | K263: 0,046720+0,168960i | O263: 0,176559+0,025170i
A264: 263 | B264: 215.564 | C264: 228.2575 | D264: =AVERAGE(OFFSET(A$2,(ROW(A264)-1)*1.34,,1.34)) -> 353 | E264: =AVERAGE(OFFSET(B$2,(ROW(B307)-1)*1.34,,1.34)) -> 213.077 | F264: =AVERAGE(OFFSET(C$2,(ROW(C307)-1)*1.34,,1.34)) -> 226.948 | G264: =(E264-$E$515)/$E$519 -> -0.58356523 | H264: =(F264-$F$515)/$F$519 -> -0.50022872 | K264: -0,352174+0,029485i | O264: -0,273156+0,224871i
A265: 264 | B265: 215.532 | C265: 228.2195 | D265: =AVERAGE(OFFSET(A$2,(ROW(A265)-1)*1.34,,1.34)) -> 354 | E265: =AVERAGE(OFFSET(B$2,(ROW(B308)-1)*1.34,,1.34)) -> 213.125 | F265: =AVERAGE(OFFSET(C$2,(ROW(C308)-1)*1.34,,1.34)) -> 227.0295 | G265: =(E265-$E$515)/$E$519 -> -0.57729162 | H265: =(F265-$F$515)/$F$519 -> -0.49130367 | K265: -0,427621-0,079957i | O265: -0,616223-0,141806i
A266: 265 | B266: 215.501 | C266: 228.1815 | D266: =AVERAGE(OFFSET(A$2,(ROW(A266)-1)*1.34,,1.34)) -> 356 | E266: =AVERAGE(OFFSET(B$2,(ROW(B309)-1)*1.34,,1.34)) -> 213.174 | F266: =AVERAGE(OFFSET(C$2,(ROW(C309)-1)*1.34,,1.34)) -> 227.112 | G266: =(E266-$E$515)/$E$519 -> -0.5708873 | H266: =(F266-$F$515)/$F$519 -> -0.48226912 | K266: -0,243798-0,109719i | O266: -0,184235-0,247131i
A267: 266 | B267: 215.469 | C267: 228.1435 | D267: =AVERAGE(OFFSET(A$2,(ROW(A267)-1)*1.34,,1.34)) -> 357 | E267: =AVERAGE(OFFSET(B$2,(ROW(B310)-1)*1.34,,1.34)) -> 213.27 | F267: =AVERAGE(OFFSET(C$2,(ROW(C310)-1)*1.34,,1.34)) -> 227.2755 | G267: =(E267-$E$515)/$E$519 -> -0.55834007 | H267: =(F267-$F$515)/$F$519 -> -0.46436428 | K267: 0,045743-0,175408i | O267: 0,062396+0,007743i
A268: 267 | B268: 215.438 | C268: 228.1055 | D268: =AVERAGE(OFFSET(A$2,(ROW(A268)-1)*1.34,,1.34)) -> 358 | E268: =AVERAGE(OFFSET(B$2,(ROW(B311)-1)*1.34,,1.34)) -> 213.318 | F268: =AVERAGE(OFFSET(C$2,(ROW(C311)-1)*1.34,,1.34)) -> 227.357 | G268: =(E268-$E$515)/$E$519 -> -0.55206645 | H268: =(F268-$F$515)/$F$519 -> -0.45543923 | K268: 0,382098-0,006458i | O268: 0,394428-0,048598i
A269: 268 | B269: 215.407 | C269: 228.0675 | D269: =AVERAGE(OFFSET(A$2,(ROW(A269)-1)*1.34,,1.34)) -> 360 | E269: =AVERAGE(OFFSET(B$2,(ROW(B312)-1)*1.34,,1.34)) -> 213.366 | F269: =AVERAGE(OFFSET(C$2,(ROW(C312)-1)*1.34,,1.34)) -> 227.439 | G269: =(E269-$E$515)/$E$519 -> -0.54579284 | H269: =(F269-$F$515)/$F$519 -> -0.44645943 | K269: 0,454036+0,163618i | O269: 0,525880+0,163296i
A270: 269 | B270: 215.375 | C270: 228.0295 | D270: =AVERAGE(OFFSET(A$2,(ROW(A270)-1)*1.34,,1.34)) -> 361 | E270: =AVERAGE(OFFSET(B$2,(ROW(B313)-1)*1.34,,1.34)) -> 213.463 | F270: =AVERAGE(OFFSET(C$2,(ROW(C313)-1)*1.34,,1.34)) -> 227.6025 | G270: =(E270-$E$515)/$E$519 -> -0.53311491 | H270: =(F270-$F$515)/$F$519 -> -0.42855459 | K270: 0,215419+0,195217i | O270: 0,047081+0,268866i
... A439: 438 | B439: 214.379 | C439: 229.1585 | D439: =AVERAGE(OFFSET(A$2,(ROW(A439)-1)*1.34,,1.34)) -> 587 | E439: =AVERAGE(OFFSET(B$2,(ROW(B482)-1)*1.34,,1.34)) -> 222.915 | F439: =AVERAGE(OFFSET(C$2,(ROW(C482)-1)*1.34,,1.34)) -> 237.476 | G439: =(E439-$E$515)/$E$519 -> 0.70226464 | H439: =(F439-$F$515)/$F$519 -> 0.65268985 | K439: 0,062761-0,838191i | O439: -0,133118-0,980640i
A440: 439 | B440: 214.427 | C440: 229.24 | D440: =AVERAGE(OFFSET(A$2,(ROW(A440)-1)*1.34,,1.34)) -> 589 | E440: 0 | F440: 0 | G440: 0 | H440: 0 | K440: 0,514194-0,077340i | O440: 0,624862+0,057164i
A441: 440 | B441: 214.475 | C441: 229.3215 | D441: =AVERAGE(OFFSET(A$2,(ROW(A441)-1)*1.34,,1.34)) -> 590 | E441: 0 | F441: 0 | G441: 0 | H441: 0 | K441: 0,430954+0,569239i | O441: 0,193017+1,236245i
A442: 441 | B442: 214.524 | C442: 229.4035 | D442: =AVERAGE(OFFSET(A$2,(ROW(A442)-1)*1.34,,1.34)) -> 591 | E442: 0 | F442: 0 | G442: 0 | H442: 0 | K442: 0,097287+1,471815i | O442: 0,038871+0,649703i
A443: 442 | B443: 214.572 | C443: 229.4855 | D443: =AVERAGE(OFFSET(A$2,(ROW(A443)-1)*1.34,,1.34)) -> 593 | E443: 0 | F443: 0 | G443: 0 | H443: 0 | K443: -0,493042+0,787331i | O443: 0,054066+0,501293i
A444: 443 | B444: 214.62 | C444: 229.5675 | D444: =AVERAGE(OFFSET(A$2,(ROW(A444)-1)*1.34,,1.34)) -> 594 | E444: 0 | F444: 0 | G444: 0 | H444: 0 | K444: -0,307425-0,877493i | O444: -0,626167-0,256645i
A445: 444 | B445: 214.668 | C445: 229.649 | D445: =AVERAGE(OFFSET(A$2,(ROW(A445)-1)*1.34,,1.34)) -> 595 | E445: 0 | F445: 0 | G445: 0 | H445: 0 | K445: -0,198699-1,303892i | O445: -0,264750-1,475754i
A446: 445 | B446: 214.716 | C446: 229.7315 | D446: =AVERAGE(OFFSET(A$2,(ROW(A446)-1)*1.34,,1.34)) -> 597 | E446: 0 | F446: 0 | G446: 0 | H446: 0 | K446: 0,182189-1,040610i | O446: 0,356048-0,756611i
A447: 446 | B447: 214.765 | C447: 229.813 | D447: =AVERAGE(OFFSET(A$2,(ROW(A447)-1)*1.34,,1.34)) -> 598 | E447: 0 | F447: 0 | G447: 0 | H447: 0 | K447: 0,538625+0,187447i | O447: 0,121904+0,150434i
A448: 447 | B448: 214.813 | C448: 229.895 | D448: =AVERAGE(OFFSET(A$2,(ROW(A448)-1)*1.34,,1.34)) -> 599 | E448: 0 | F448: 0 | G448: 0 | H448: 0 | K448: 0,006049+1,236907i | O448: 0,595886+0,581649i
A449: 448 | B449: 214.861 | C449: 229.9765 | D449: =AVERAGE(OFFSET(A$2,(ROW(A449)-1)*1.34,,1.34)) -> 601 | E449: 0 | F449: 0 | G449: 0 | H449: 0 | K449: 0,097506+1,306176i | O449: -0,158284+1,736563i
A450: 449 | B450: 214.909 | C450: 230.0585 | D450: =AVERAGE(OFFSET(A$2,(ROW(A450)-1)*1.34,,1.34)) -> 602 | E450: 0 | F450: 0 | G450: 0 | H450: 0 | K450: -0,287848+0,329602i | O450: -0,681106+0,319434i
A451: 450 | B451: 214.957 | C451: 230.1405 | D451: =AVERAGE(OFFSET(A$2,(ROW(A451)-1)*1.34,,1.34)) -> 604 | E451: 0 | F451: 0 | G451: 0 | H451: 0 | K451: -0,477951-1,034167i | O451: 0,070356-0,786775i
... A482: 481 | B482: 216.669 | C482: 230.737 | D482: =AVERAGE(OFFSET(A$2,(ROW(A482)-1)*1.34,,1.34)) -> 645 | E482: 0 | F482: 0 | G482: 0 | H482: 0 | K482: 0,390393+0,829178i | O482: 1,398368+0,812793i
A483: 482 | B483: 216.68 | C483: 230.825 | D483: =AVERAGE(OFFSET(A$2,(ROW(A483)-1)*1.34,,1.34)) -> 646 | E483: =AVERAGE(OFFSET(B$2,(ROW(B483)-1)*1.34,,1.34)) -> 0 | F483: =AVERAGE(OFFSET(C$2,(ROW(C483)-1)*1.34,,1.34)) -> 0 | G483: 0 | H483: 0 | K483: -1,459468+0,969995i | O483: -1,034503+1,531468i
A484: 483 | B484: 216.692 | C484: 230.825 | D484: =AVERAGE(OFFSET(A$2,(ROW(A484)-1)*1.34,,1.34)) -> 648 | E484: =AVERAGE(OFFSET(B$2,(ROW(B484)-1)*1.34,,1.34)) -> 0 | F484: =AVERAGE(OFFSET(C$2,(ROW(C484)-1)*1.34,,1.34)) -> 0 | G484: 0 | H484: 0 | K484: -0,994173+2,064972i | O484: -1,375271+1,540162i
A485: 484 | B485: 216.804 | C485: 231.9135 | D485: =AVERAGE(OFFSET(A$2,(ROW(A485)-1)*1.34,,1.34)) -> 649 | E485: =AVERAGE(OFFSET(B$2,(ROW(B485)-1)*1.34,,1.34)) -> 0 | F485: =AVERAGE(OFFSET(C$2,(ROW(C485)-1)*1.34,,1.34)) -> 0 | G485: 0 | H485: 0 | K485: -1,384629+1,387394i | O485: -1,516937+1,672917i
A486: 485 | B486: 216.916 | C486: 233.002 | D486: =AVERAGE(OFFSET(A$2,(ROW(A486)-1)*1.34,,1.34)) -> 650 | E486: =AVERAGE(OFFSET(B$2,(ROW(B486)-1)*1.34,,1.34)) -> 0 | F486: =AVERAGE(OFFSET(C$2,(ROW(C486)-1)*1.34,,1.34)) -> 0 | G486: 0 | H486: 0 | K486: -0,347577-1,735837i | O486: -1,381888-2,336808i
A487: 486 | B487: 217.077 | C487: 232.905 | D487: =AVERAGE(OFFSET(A$2,(ROW(A487)-1)*1.34,,1.34)) -> 652 | E487: =AVERAGE(OFFSET(B$2,(ROW(B487)-1)*1.34,,1.34)) -> 0 | F487: =AVERAGE(OFFSET(C$2,(ROW(C487)-1)*1.34,,1.34)) -> 0 | G487: 0 | H487: 0 | K487: 0,660698-2,168117i | O487: 2,441855-1,395460i
A488: 487 | B488: 217.239 | C488: 232.808 | D488: =AVERAGE(OFFSET(A$2,(ROW(A488)-1)*1.34,,1.34)) -> 653 | E488: =AVERAGE(OFFSET(B$2,(ROW(B488)-1)*1.34,,1.34)) -> 0 | F488: =AVERAGE(OFFSET(C$2,(ROW(C488)-1)*1.34,,1.34)) -> 0 | G488: 0 | H488: 0 | K488: 2,481743-1,802772i | O488: 2,276647-1,618741i
A489: 488 | B489: 217.4 | C489: 232.7115 | D489: =AVERAGE(OFFSET(A$2,(ROW(A489)-1)*1.34,,1.34)) -> 654 | E489: =AVERAGE(OFFSET(B$2,(ROW(B489)-1)*1.34,,1.34)) -> 0 | F489: =AVERAGE(OFFSET(C$2,(ROW(C489)-1)*1.34,,1.34)) -> 0 | G489: 0 | H489: 0 | K489: 2,939524+0,704737i | O489: 2,353837+0,393015i
A490: 489 | B490: 217.562 | C490: 232.615 | D490: =AVERAGE(OFFSET(A$2,(ROW(A490)-1)*1.34,,1.34)) -> 656 | E490: =AVERAGE(OFFSET(B$2,(ROW(B490)-1)*1.34,,1.34)) -> 0 | F490: =AVERAGE(OFFSET(C$2,(ROW(C490)-1)*1.34,,1.34)) -> 0 | G490: 0 | H490: 0 | K490: -1,439610+2,568514i | O490: -2,014227+2,115946i
A491: 490 | B491: 217.723 | C491: 232.615 | D491: =AVERAGE(OFFSET(A$2,(ROW(A491)-1)*1.34,,1.34)) -> 657 | E491: =AVERAGE(OFFSET(B$2,(ROW(B491)-1)*1.34,,1.34)) -> 0 | F491: =AVERAGE(OFFSET(C$2,(ROW(C491)-1)*1.34,,1.34)) -> 0 | G491: 0 | H491: 0 | K491: -3,548025+1,606907i | O491: -3,351515+1,564718i
A492: 491 | B492: 217.865 | C492: 233.0925 | D492: =AVERAGE(OFFSET(A$2,(ROW(A492)-1)*1.34,,1.34)) -> 658 | E492: =AVERAGE(OFFSET(B$2,(ROW(B492)-1)*1.34,,1.34)) -> 0 | F492: =AVERAGE(OFFSET(C$2,(ROW(C492)-1)*1.34,,1.34)) -> 0 | G492: 0 | H492: 0 | K492: -2,319059+0,465410i | O492: -2,079424+0,138794i
A493: 492 | B493: 218.006 | C493: 233.2215 | D493: =AVERAGE(OFFSET(A$2,(ROW(A493)-1)*1.34,,1.34)) -> 660 | E493: =AVERAGE(OFFSET(B$2,(ROW(B493)-1)*1.34,,1.34)) -> 0 | F493: =AVERAGE(OFFSET(C$2,(ROW(C493)-1)*1.34,,1.34)) -> 0 | G493: 0 | H493: 0 | K493: -1,411107-1,710625i | O493: 0,108978+0,305114i
A494: 493 | B494: 218.148 | C494: 234.194 | D494: =AVERAGE(OFFSET(A$2,(ROW(A494)-1)*1.34,,1.34)) -> 661 | E494: =AVERAGE(OFFSET(B$2,(ROW(B494)-1)*1.34,,1.34)) -> 0 | F494: =AVERAGE(OFFSET(C$2,(ROW(C494)-1)*1.34,,1.34)) -> 0 | G494: 0 | H494: 0 | K494: 3,426447-2,203103i | O494: 2,632503-3,234738i
... A513: 512 | B513: 219.237 | C513: 235.3565 | D513: =AVERAGE(OFFSET(A$2,(ROW(A513)-1)*1.34,,1.34)) -> 687 | E513: =AVERAGE(OFFSET(B$2,(ROW(B513)-1)*1.34,,1.34)) -> 0 | F513: =AVERAGE(OFFSET(C$2,(ROW(C513)-1)*1.34,,1.34)) -> 0 | G513: 0 | H513: 0 | K513: 83,167344-79,548673i | O513: 76,427160-109,060118i
A514: 513 | B514: 219.297 | C514: 235.432
A515: 514 | B515: 219.357 | C515: 235.5075 | D515: Mean | E515: =AVERAGE(E73:E439) -> 217.54191 | F515: =AVERAGE(F73:F439) -> 231.51589 | G515: =AVERAGE(G73:G439) -> -8.6905959e-15 | H515: =AVERAGE(H73:H439) -> 2.5269221e-14
A516: 515 | B516: 219.417 | C516: 235.583 | D516: Max | E516: =MAX(E73:E513) -> 225.193 | F516: =MAX(F73:F513) -> 240.6475 | G516: =MAX(G2:G513) -> 1 | H516: =MAX(H2:H513) -> 1
A517: 516 | B517: 219.477 | C517: 235.659 | D517: Min | E517: =MIN(E73:E439) -> 211.985 | F517: =MIN(F73:F439) -> 224.4065 | G517: =MIN(G73:G439) -> -0.72629 | H517: =MIN(H73:H439) -> -0.77854773
A518: 517 | B518: 219.537 | C518: 235.734 | D518: Delta | E518: =E516-E517 -> 13.208 | F518: =F516-F517 -> 16.241 | G518: =G516-G517 -> 1.72629 | H518: =H516-H517 -> 1.7785477
A519: 518 | B519: 219.596 | C519: 235.8095 | D519: Max-Mean | E519: =E516-E515 -> 7.6510899 | F519: =F516-F515 -> 9.1316076 | G519: =G516-G515 -> 1 | H519: =H516-H515 -> 1
A520: 519 | B520: 219.656 | C520: 235.8855 | F520: =E519/F519 -> 0.83786889
A521: 520 | B521: 219.716 | C521: 235.9605 | F521: =E518/F518 -> 0.81325042
A522: 521 | B522: 219.776 | C522: 236.0365
A523: 522 | B523: 219.836 | C523: 236.112
A524: 523 | B524: 219.895 | C524: 236.1875
A525: 524 | B525: 219.955 | C525: 236.263
A526: 525 | B526: 220.015 | C526: 236.339
A527: 526 | B527: 220.075 | C527: 236.414
A528: 527 | B528: 220.135 | C528: 236.49
A529: 528 | B529: 220.195 | C529: 236.5655
A530: 529 | B530: 220.254 | C530: 236.641
A531: 530 | B531: 220.314 | C531: 236.7165
A532: 531 | B532: 220.374 | C532: 236.792
A533: 532 | B533: 220.434 | C533: 236.8675
... A688: 687 | B688: 0 | C688: 0
...

Sheet Thermal Diffusivity
B1: Value | C1: Abs Uncertainty | D1: Rel Uncertainty
A2: diurnal period [s] | B2: =24*3699 -> 88776
A3: annual period [s] | B3: =668.59*B2 -> 59354746
A4: l | B4: 0.4 | C4: 0.01 | D4: =C4/B4 -> 0.025
A5: i [°] | B5: 30 | C5: 2 | D5: =C5/B5 -> 0.066666667
A6: i[rad] | B6: =PI()/6 -> 0.52359878 | C6: =PI()/180 -> 0.017453293 | D6: =C6/B6 -> 0.033333333
A7: z_0 [m] | B7: 0.0102 | C7: =D7*B7 -> 0.0010965 | D7: =0.1075 -> 0.1075
A8: l' [m] | B8: =0.4*COS(B6) -> 0.34641016 | C8: =SQRT((D4)^2+(B6*TAN(B6)*D6)^2)*B8 -> 0.0093372746 | D8: =C8/B8 -> 0.02695439
A9: z_0/l' | B9: =B7/B8 -> 0.029444864 | C9: =SQRT((D7)^2+(D8)^2)*B9 -> 0.0032633079 | D9: =C9/B9 -> 0.11082775
A10: Delta Surface Temperature [K] | B10: ='2nd year FFT'!F518 -> 16.241 | C10: 1 | D10: =C10/B10 -> 0.061572563
A11: Delta Mole Temperature [K] | B11: ='2nd year FFT'!E518 -> 13.208 | C11: 1 | D11: =C11/B11 -> 0.07571169
A12: Chi (fund. mode) | B12: ='2nd year FFT'!S3 -> 0.72406983
A13: ln Chi | B13: =LN(B12) -> -0.32286745
A14: SQRT(2)/2 | B14: =SQRT(2)/2 -> 0.70710678
A16: Thermal diffusivity from z_0 and Phase delay annual wave
C17: abs uncertainty | D17: rel unc. | E17: x | F17: tan Phi_a | G17: F_Phi(x)
A18: Phi_a | B18: ='2nd year FFT'!T4 -> 0.19638435 | C18: =2*PI()/512 -> 0.012271846 | D18: =C18/B18 -> 0.062488921 | E18: 0.41842642 | F18: =TAN(B18) -> 0.19894856 | G18: =F18-(B14-EXP(- E18)*SIN(E18+PI()/4))/(B14-EXP(-E18)*COS(E18+PI()/4)) -> 0.0018300205
A19: Phi_a [sol] | B19: =B18*668.59/2/PI() -> 20.897142 | C19: =C18/2/PI()*668.59 -> 1.3058398 | D19: d_a | E19: =B8/E18*100 -> 82.788787 | F19: cm
D20: d_d | E20: 3.4389133 | F20: cm
D21: Kappa | E21: =E19^2*PI()/B3/10^4 -> 3.627751e-08 | F21: m^2/s
D22: Delta Kappa | E22: =E21*G28 -> 5.321472e-09 | F22: m^2/s
D23: Delta d_a | E23: =E19*F28 -> 6.072057 | F23: cm
D24: Lambda | E24: =2*PI()*E19 -> 520.17729 | F24: cm
B26: Error analysis
B27: F1(x) | C27: dF1/dx | D27: dF1/dPhi | E27: Delta x/x | F27: Delta delta/delta | G27: Delta Kappa/Kappa
B28: =(EXP(E18)/SQRT(2)-SIN(E18+PI()/4))/(EXP(E18)/SQRT(2)-COS(E18+PI()/4)) -> 0.19711854 | C28: =2*(1-EXP(E18)*(COS(E18)-SIN(E18)))/(EXP(E18)-COS(E18)+SIN(E18))^2 -> 0.44698394 | D28: =(1/COS(B18))^2 -> 1.0395805 | E28: =D28/C28/E18*C18 -> 0.06821141 | F28: =SQRT(E28^2+D8^2) -> 0.073343954 | G28: =F28*2 -> 0.14668791
A31: Thermal diffusivity from z_0 and amplitude ratio annual wave
C32: Delta Chi_a/Chi_a | E32: x | F32: C | G32: F_Chi(x)
A33: Chi_a | B33: =B11/B10 -> 0.81325042 | C33: =SQRT((C10/B10)^2+(C11/B11)^2)*B33 -> 0.079363577 | E33: 0.41351362 | F33: =1+EXP(-2*E33)-2*EXP(-E33)*COS(E33) -> 0.22618209 | G33: =LN(B33)-LN(B14)+LN(E33)-0.5*LN(F33) -> -4.3581783e-10
A34: ln Chi_a | B34: =LN(B33) -> -0.2067162 | D34: d_a | E34: =B8/E33*100 -> 83.77237 | F34: cm
D35: d_d | E35: =E20 -> 3.4389133 | F35: cm
D36: Kappa | E36: =E34^2*PI()/B3/10^4 -> 3.714463e-08 | F36: m^2/s
D37: Delta Kappa | E37: =E36*G41 -> 2.8608507e-08 | F37: m^2/s
B39: Error analysis
B40: F2(x) | C40: dF2/dx | D40: Delta F2 | E40: Delta x/x | F40: Delta delta/delta | G40: Delta kappa/kappa
B41: =LN(E33)-0.5*LN(1+EXP(-2*E33)-2*EXP(-E33)*COS(E33)) -> -0.13985739 | C41: =1/E33+(1-EXP(E33)*(COS(E33)+SIN(E33)))/(1+EXP(2*E33)-2*EXP(E33)*COS(E33)) -> 0.4996072 | D41: =C33 -> 0.079363577 | E41: =D41/C41/E33 -> 0.38415167 | F41: =SQRT(E41^2+D8^2) -> 0.38509614 | G41: =F41*2 -> 0.77019229
